"RK",TIERS,"PLAYER NAME",TEAM,"POS","BYE WEEK","SOS SEASON","ECR VS. ADP"
"1",1,"Ja'Marr Chase",CIN,"WR1","10","3 out of 5 stars","0"
"2",1,"Bijan Robinson",ATL,"RB1","5","4 out of 5 stars","0"
"3",1,"CeeDee Lamb",DAL,"WR2","10","2 out of 5 stars","+3"
"4",1,"Justin Jefferson",MIN,"WR3","6","2 out of 5 stars","0"
"5",1,"Jahmyr Gibbs",DET,"RB2","8","2 out of 5 stars","0"
"6",2,"Malik Nabers",NYG,"WR4","14","2 out of 5 stars","+4"
"7",2,"Saquon Barkley",PHI,"RB3","9","3 out of 5 stars","-4"
"8",2,"Amon-Ra St. Brown",DET,"WR5","8","3 out of 5 stars","0"
"9",2,"Puka Nacua",LAR,"WR6","8","3 out of 5 stars","0"
"10",2,"Nico Collins",HOU,"WR7","6","4 out of 5 stars","+4"
"11",2,"Christian McCaffrey",SF,"RB4","14","3 out of 5 stars","-4"
"12",2,"Brian Thomas Jr.",JAC,"WR8","8","4 out of 5 stars","+3"
"13",2,"Drake London",ATL,"WR9","5","3 out of 5 stars","+6"
"14",3,"Ashton Jeanty",LV,"RB5","8","2 out of 5 stars","-2"
"15",3,"A.J. Brown",PHI,"WR10","9","3 out of 5 stars","+3"
"16",3,"De'Von Achane",MIA,"RB6","12","4 out of 5 stars","-3"
"17",3,"Brock Bowers",LV,"TE1","8","2 out of 5 stars","0"
"18",3,"Ladd McConkey",LAC,"WR11","12","3 out of 5 stars","+8"
"19",3,"Trey McBride",ARI,"TE2","8","5 out of 5 stars","+8"
"20",3,"Derrick Henry",BAL,"RB7","7","4 out of 5 stars","-9"
"21",3,"Jaxon Smith-Njigba",SEA,"WR12","8","3 out of 5 stars","+11"
"22",4,"Tee Higgins",CIN,"WR13","10","3 out of 5 stars","+6"
"23",4,"Josh Allen",BUF,"QB1","7","4 out of 5 stars","-2"
"24",4,"Garrett Wilson",NYJ,"WR14","9","4 out of 5 stars","+13"
"25",4,"Lamar Jackson",BAL,"QB2","7","3 out of 5 stars","-3"
"26",4,"Chase Brown",CIN,"RB8","10","4 out of 5 stars","-1"
"27",4,"Tyreek Hill",MIA,"WR15","12","3 out of 5 stars","+2"
"28",4,"Josh Jacobs",GB,"RB9","5","4 out of 5 stars","-12"
"29",4,"Bucky Irving",TB,"RB10","9","3 out of 5 stars","-6"
"30",4,"Jonathan Taylor",IND,"RB11","11","2 out of 5 stars","-10"
"31",4,"Davante Adams",LAR,"WR16","8","3 out of 5 stars","+9"
"32",4,"George Kittle",SF,"TE3","14","3 out of 5 stars","+7"
"33",4,"Jayden Daniels",WAS,"QB3","12","2 out of 5 stars","-3"
"34",4,"Mike Evans",TB,"WR17","9","3 out of 5 stars","+7"
"35",5,"Kyren Williams",LAR,"RB12","8","3 out of 5 stars","-11"
"36",5,"Jalen Hurts",PHI,"QB4","9","3 out of 5 stars","-1"
"37",5,"Marvin Harrison Jr.",ARI,"WR18","8","4 out of 5 stars","+6"
"38",5,"DJ Moore",CHI,"WR19","5","2 out of 5 stars","+9"
"39",5,"Terry McLaurin",WAS,"WR20","12","3 out of 5 stars","+5"
"40",5,"Alvin Kamara",NO,"RB13","11","4 out of 5 stars","-4"
"41",5,"Kenneth Walker III",SEA,"RB14","8","3 out of 5 stars","+1"
"42",5,"James Cook",BUF,"RB15","7","4 out of 5 stars","-11"
"43",5,"Breece Hall",NYJ,"RB16","9","5 out of 5 stars","-9"
"44",5,"DK Metcalf",PIT,"WR21","5","4 out of 5 stars","+4"
"45",5,"Courtland Sutton",DEN,"WR22","12","3 out of 5 stars","+6"
"46",5,"Omarion Hampton",LAC,"RB17","12","2 out of 5 stars","-8"
"47",5,"Joe Burrow",CIN,"QB5","10","2 out of 5 stars","-14"
"48",5,"DeVonta Smith",PHI,"WR23","9","3 out of 5 stars","+6"
"49",6,"Tetairoa McMillan",CAR,"WR24","14","4 out of 5 stars","+11"
"50",6,"James Conner",ARI,"RB18","8","3 out of 5 stars","-4"
"51",6,"Chuba Hubbard",CAR,"RB19","14","3 out of 5 stars","-6"
"52",6,"Zay Flowers",BAL,"WR25","7","3 out of 5 stars","+7"
"53",6,"Jaylen Waddle",MIA,"WR26","12","3 out of 5 stars","+19"
"54",6,"Xavier Worthy",KC,"WR27","10","3 out of 5 stars","-1"
"55",6,"TreVeyon Henderson",NE,"RB20","14","4 out of 5 stars","-6"
"56",6,"Calvin Ridley",TEN,"WR28","10","4 out of 5 stars","+9"
"57",6,"George Pickens",DAL,"WR29","10","2 out of 5 stars","+11"
"58",6,"Jameson Williams",DET,"WR30","8","3 out of 5 stars","0"
"59",6,"Chris Olave",NO,"WR31","11","4 out of 5 stars","+18"
"60",6,"D'Andre Swift",CHI,"RB21","5","3 out of 5 stars","-4"
"61",6,"Patrick Mahomes II",KC,"QB6","10","3 out of 5 stars","-11"
"62",6,"Tony Pollard",TEN,"RB22","10","2 out of 5 stars","+8"
"63",6,"T.J. Hockenson",MIN,"TE4","6","3 out of 5 stars","-2"
"64",6,"David Montgomery",DET,"RB23","8","2 out of 5 stars","-7"
"65",6,"RJ Harvey",DEN,"RB24","12","2 out of 5 stars","-2"
"66",6,"Travis Hunter",JAC,"WR32","8","4 out of 5 stars","+3"
"67",6,"Aaron Jones Sr.",MIN,"RB25","6","3 out of 5 stars","-1"
"68",6,"Rashee Rice",KC,"WR33","10","3 out of 5 stars","-13"
"69",6,"Isiah Pacheco",KC,"RB26","10","2 out of 5 stars","-2"
"70",7,"Jerry Jeudy",CLE,"WR34","9","2 out of 5 stars","+4"
"71",7,"Baker Mayfield",TB,"QB7","9","2 out of 5 stars","-7"
"72",7,"Sam LaPorta",DET,"TE5","8","3 out of 5 stars","-20"
"73",7,"Bo Nix",DEN,"QB8","12","4 out of 5 stars","-2"
"74",7,"Travis Kelce",KC,"TE6","10","3 out of 5 stars","-12"
"75",7,"Stefon Diggs",NE,"WR35","14","3 out of 5 stars","+6"
"76",7,"Rome Odunze",CHI,"WR36","5","2 out of 5 stars","+2"
"77",7,"Jakobi Meyers",LV,"WR37","8","4 out of 5 stars","+7"
"78",7,"Kyler Murray",ARI,"QB9","8","4 out of 5 stars","+5"
"79",7,"Tyrone Tracy Jr.",NYG,"RB27","14","3 out of 5 stars","+1"
"80",7,"David Njoku",CLE,"TE7","9","3 out of 5 stars","+5"
"81",7,"Jaylen Warren",PIT,"RB28","5","4 out of 5 stars","+7"
"82",7,"Evan Engram",DEN,"TE8","12","3 out of 5 stars","0"
"83",7,"Ricky Pearsall",SF,"WR38","14","4 out of 5 stars","+9"
"84",7,"Dak Prescott",DAL,"QB10","10","2 out of 5 stars","+16"
"85",7,"Mark Andrews",BAL,"TE9","7","3 out of 5 stars","-10"
"86",7,"Kaleb Johnson",PIT,"RB29","5","4 out of 5 stars","-10"
"87",7,"Emeka Egbuka",TB,"WR39","9","3 out of 5 stars","+14"
"88",7,"Travis Etienne Jr.",JAC,"RB30","8","2 out of 5 stars","+5"
"89",8,"Khalil Shakir",BUF,"WR40","7","3 out of 5 stars","+7"
"90",8,"Brock Purdy",SF,"QB11","14","4 out of 5 stars","+5"
"91",8,"Jauan Jennings",SF,"WR41","14","4 out of 5 stars","+7"
"92",8,"Jordan Addison",MIN,"WR42","6","2 out of 5 stars","-3"
"93",8,"Justin Fields",NYJ,"QB12","9","5 out of 5 stars","+13"
"94",8,"Deebo Samuel Sr.",WAS,"WR43","12","3 out of 5 stars","-15"
"95",8,"Justin Herbert",LAC,"QB13","12","3 out of 5 stars","+12"
"96",8,"Josh Downs",IND,"WR44","11","4 out of 5 stars","+22"
"97",8,"Chris Godwin Jr.",TB,"WR45","9","3 out of 5 stars","+61"
"98",8,"Caleb Williams",CHI,"QB14","5","2 out of 5 stars","+18"
"99",8,"Michael Pittman Jr.",IND,"WR46","11","4 out of 5 stars","+16"
"100",8,"Drake Maye",NE,"QB15","14","5 out of 5 stars","+24"
"101",8,"Joe Mixon",HOU,"RB31","6","2 out of 5 stars","-28"
"102",8,"Zach Charbonnet",SEA,"RB32","8","3 out of 5 stars","+12"
"103",8,"Jared Goff",DET,"QB16","8","2 out of 5 stars","-6"
"104",8,"Cooper Kupp",SEA,"WR47","8","3 out of 5 stars","-18"
"105",8,"Jordan Mason",MIN,"RB33","6","3 out of 5 stars","0"
"106",8,"Javonte Williams",DAL,"RB34","10","2 out of 5 stars","-3"
"107",8,"Tucker Kraft",GB,"TE10","5","2 out of 5 stars","+2"
"108",8,"Tyler Warren",IND,"TE11","11","3 out of 5 stars","-14"
"109",8,"Jayden Reed",GB,"WR48","5","2 out of 5 stars","+3"
"110",8,"Jordan Love",GB,"QB17","5","2 out of 5 stars","+27"
"111",8,"Matthew Golden",GB,"WR49","5","2 out of 5 stars","-20"
"112",8,"Jake Ferguson",DAL,"TE12","10","2 out of 5 stars","+22"
"113",8,"Trevor Lawrence",JAC,"QB18","8","3 out of 5 stars","+43"
"114",8,"Rhamondre Stevenson",NE,"RB35","14","4 out of 5 stars","-4"
"115",8,"J.K. Dobbins",DEN,"RB36","12","2 out of 5 stars","-11"
"116",8,"C.J. Stroud",HOU,"QB19","6","3 out of 5 stars","+6"
"117",8,"J.J. McCarthy",MIN,"QB20","6","2 out of 5 stars","+24"
"118",9,"Darnell Mooney",ATL,"WR50","5","3 out of 5 stars","+18"
"119",9,"Dalton Kincaid",BUF,"TE13","7","3 out of 5 stars","+2"
"120",9,"Austin Ekeler",WAS,"RB37","12","2 out of 5 stars","+10"
"121",9,"Tank Bigsby",JAC,"RB38","8","2 out of 5 stars","+17"
"122",9,"Tyjae Spears",TEN,"RB39","10","2 out of 5 stars","+18"
"123",9,"Cam Skattebo",NYG,"RB40","14","3 out of 5 stars","-24"
"124",9,"Quinshon Judkins",CLE,"RB41","9","4 out of 5 stars","-34"
"125",9,"Rachaad White",TB,"RB42","9","3 out of 5 stars","+14"
"126",9,"Keon Coleman",BUF,"WR51","7","3 out of 5 stars","-9"
"127",9,"Dallas Goedert",PHI,"TE14","9","3 out of 5 stars","+2"
"128",9,"Rashid Shaheed",NO,"WR52","11","4 out of 5 stars","+17"
"129",9,"Brandon Aiyuk",SF,"WR53","14","4 out of 5 stars","-3"
"130",9,"Colston Loveland",CHI,"TE15","5","4 out of 5 stars","-19"
"131",9,"Najee Harris",LAC,"RB43","12","2 out of 5 stars","-11"
"132",9,"Christian Kirk",HOU,"WR54","6","4 out of 5 stars","+14"
"133",9,"Jacory Croskey-Merritt",WAS,"RB44","12","2 out of 5 stars","+14"
"134",9,"Tua Tagovailoa",MIA,"QB21","12","5 out of 5 stars","+35"
"135",9,"Bryce Young",CAR,"QB22","14","3 out of 5 stars","+40"
"136",9,"Braelon Allen",NYJ,"RB45","9","5 out of 5 stars","+17"
"137",9,"Michael Penix Jr.",ATL,"QB23","5","4 out of 5 stars","+40"
"138",9,"Brian Robinson Jr.",SF,"RB46","14","3 out of 5 stars","-51"
"139",9,"Luther Burden III",CHI,"WR55","5","2 out of 5 stars","+28"
"140",9,"Cedric Tillman",CLE,"WR56","9","2 out of 5 stars","+50"
"141",9,"Ray Davis",BUF,"RB47","7","4 out of 5 stars","+29"
"142",9,"Hunter Henry",NE,"TE16","14","3 out of 5 stars","+23"
"143",9,"Trey Benson",ARI,"RB48","8","3 out of 5 stars","+14"
"144",9,"Rashod Bateman",BAL,"WR57","7","3 out of 5 stars","+27"
"145",9,"Marvin Mims Jr.",DEN,"WR58","12","3 out of 5 stars","+6"
"146",9,"Kyle Pitts Sr.",ATL,"TE17","5","3 out of 5 stars","-19"
"147",9,"Jaydon Blue",DAL,"RB49","10","2 out of 5 stars","-12"
"148",9,"Jerome Ford",CLE,"RB50","9","4 out of 5 stars","+15"
"149",9,"Matthew Stafford",LAR,"QB24","8","3 out of 5 stars","+32"
"150",9,"Tyler Allgeier",ATL,"RB51","5","4 out of 5 stars","+12"
"151",9,"Geno Smith",LV,"QB25","8","3 out of 5 stars","+38"
"152",10,"Jonnu Smith",PIT,"TE18","5","3 out of 5 stars","-20"
"153",10,"Jayden Higgins",HOU,"WR59","6","4 out of 5 stars","-9"
"154",10,"Wan'Dale Robinson",NYG,"WR60","14","2 out of 5 stars","+30"
"155",10,"Zach Ertz",WAS,"TE19","12","3 out of 5 stars","-5"
"156",10,"Denver Broncos",DEN,"DST1","12","4 out of 5 stars","-54"
"157",10,"Marquise Brown",KC,"WR61","10","3 out of 5 stars","+7"
"158",10,"Keenan Allen",LAC,"WR62","12","3 out of 5 stars","-10"
"159",10,"Romeo Doubs",GB,"WR63","5","2 out of 5 stars","+54"
"160",10,"Rico Dowdle",CAR,"RB52","14","3 out of 5 stars","+45"
"161",10,"Bhayshul Tuten",JAC,"RB53","8","2 out of 5 stars","-7"
"162",10,"Nick Chubb",HOU,"RB54","6","2 out of 5 stars","-13"
"163",10,"DeMario Douglas",NE,"WR64","14","3 out of 5 stars","+52"
"164",10,"Adam Thielen",CAR,"WR65","14","4 out of 5 stars","+8"
"165",10,"Isaac Guerendo",SF,"RB55","14","3 out of 5 stars","-10"
"166",10,"Kyle Williams",NE,"WR66","14","3 out of 5 stars","+67"
"167",10,"Dylan Sampson",CLE,"RB56","9","4 out of 5 stars","+39"
"168",10,"Cam Ward",TEN,"QB26","10","2 out of 5 stars","+6"
"169",10,"Philadelphia Eagles",PHI,"DST2","9","2 out of 5 stars","-56"
"170",10,"Sam Darnold",SEA,"QB27","8","4 out of 5 stars","+38"
"171",10,"Pittsburgh Steelers",PIT,"DST3","5","3 out of 5 stars","-46"
"172",10,"Brenton Strange",JAC,"TE20","8","3 out of 5 stars","+19"
"173",10,"Tre' Harris",LAC,"WR67","12","3 out of 5 stars","+29"
"174",10,"Baltimore Ravens",BAL,"DST4","7","3 out of 5 stars","-55"
"175",10,"Joshua Palmer",BUF,"WR68","7","3 out of 5 stars","+59"
"176",10,"Xavier Legette",CAR,"WR69","14","4 out of 5 stars","+3"
"177",10,"Minnesota Vikings",MIN,"DST5","6","2 out of 5 stars","-35"
"178",10,"Jaylen Wright",MIA,"RB57","12","4 out of 5 stars","+2"
"179",10,"Quentin Johnston",LAC,"WR70","12","3 out of 5 stars","+40"
"180",10,"Houston Texans",HOU,"DST6","6","2 out of 5 stars","-47"
"181",10,"Buffalo Bills",BUF,"DST7","7","5 out of 5 stars","-50"
"182",10,"Brandon Aubrey",DAL,"K1","10","4 out of 5 stars","-74"
"183",10,"Roschon Johnson",CHI,"RB58","5","3 out of 5 stars","+37"
"184",10,"Kansas City Chiefs",KC,"DST8","10","1 out of 5 stars","-16"
"185",11,"Detroit Lions",DET,"DST9","8","1 out of 5 stars","-26"
"186",11,"Jake Bates",DET,"K2","8","1 out of 5 stars","-63"
"187",11,"Chig Okonkwo",TEN,"TE21","10","3 out of 5 stars","+24"
"188",11,"Cameron Dicker",LAC,"K3","12","5 out of 5 stars","-60"
"189",11,"DeAndre Hopkins",BAL,"WR71","7","3 out of 5 stars","+18"
"190",11,"Mike Gesicki",CIN,"TE22","10","2 out of 5 stars","+35"
"191",11,"Pat Freiermuth",PIT,"TE23","5","3 out of 5 stars","+2"
"192",11,"Aaron Rodgers",PIT,"QB28","5","4 out of 5 stars","+20"
"193",11,"Los Angeles Chargers",LAC,"DST10","12","5 out of 5 stars","+1"
"194",11,"Jalen Coker",CAR,"WR72","14","4 out of 5 stars","+107"
"195",11,"Blake Corum",LAR,"RB59","8","3 out of 5 stars","+48"
"196",11,"Seattle Seahawks",SEA,"DST11","8","3 out of 5 stars","-10"
"197",11,"Wil Lutz",DEN,"K4","12","5 out of 5 stars","-14"
"198",11,"Los Angeles Rams",LAR,"DST12","8","3 out of 5 stars","+2"
"199",11,"Ka'imi Fairbairn",HOU,"K5","6","3 out of 5 stars","-38"
"200",11,"Cade Otton",TB,"TE24","9","3 out of 5 stars","-8"
"201",11,"Chase McLaughlin",TB,"K6","9","3 out of 5 stars","-58"
"202",11,"Green Bay Packers",GB,"DST13","5","2 out of 5 stars","-15"
"203",11,"Mason Taylor",NYJ,"TE25","9","3 out of 5 stars","+45"
"204",11,"Chris Boswell",PIT,"K7","5","1 out of 5 stars","-52"
"205",11,"Michael Wilson",ARI,"WR73","8","4 out of 5 stars","+104"
"206",11,"Jalen McMillan",TB,"WR74","9","3 out of 5 stars","+39"
"207",11,"Alec Pierce",IND,"WR75","11","4 out of 5 stars","+44"
"208",11,"Harrison Butker",KC,"K8","10","3 out of 5 stars","-35"
"209",11,"Justice Hill",BAL,"RB60","7","4 out of 5 stars","+28"
"210",11,"Isaiah Likely",BAL,"TE26","7","3 out of 5 stars","-28"
"211",11,"Tyler Bass",BUF,"K9","7","2 out of 5 stars","-33"
"212",11,"MarShawn Lloyd",GB,"RB61","5","4 out of 5 stars","+18"
"213",11,"Jack Bech",LV,"WR76","8","4 out of 5 stars","+22"
"214",11,"Adonai Mitchell",IND,"WR77","11","4 out of 5 stars","+65"
"215",11,"Evan McPherson",CIN,"K10","10","1 out of 5 stars","-20"
"216",11,"New York Jets",NYJ,"DST14","9","5 out of 5 stars","-12"
"217",11,"Will Shipley",PHI,"RB62","9","3 out of 5 stars","+5"
"218",11,"Darius Slayton",NYG,"WR78","14","2 out of 5 stars","+58"
"219",11,"Jake Elliott",PHI,"K11","9","2 out of 5 stars","-53"
"220",11,"San Francisco 49ers",SF,"DST15","14","5 out of 5 stars","-60"
"221",11,"Elic Ayomanor",TEN,"WR79","10","4 out of 5 stars","+44"
"222",11,"Kareem Hunt",KC,"RB63","10","2 out of 5 stars","-13"
"223",11,"Woody Marks",HOU,"RB64","6","2 out of 5 stars","+45"
"224",11,"Kyle Monangai",CHI,"RB65","5","3 out of 5 stars","+37"
"225",11,"Andrei Iosivas",CIN,"WR80","10","3 out of 5 stars","+75"
"226",11,"Ollie Gordon II",MIA,"RB66","12","4 out of 5 stars","+36"
"227",11,"Dalton Schultz",HOU,"TE27","6","3 out of 5 stars","-6"
"228",11,"DJ Giddens",IND,"RB67","11","2 out of 5 stars","+29"
"229",11,"Dontayvion Wicks",GB,"WR81","5","2 out of 5 stars","+62"
"230",11,"Kendre Miller",NO,"RB68","11","4 out of 5 stars","-2"
"231",11,"Tyler Lockett",TEN,"WR82","10","4 out of 5 stars","+63"
"232",11,"Jaylin Noel",HOU,"WR83","6","4 out of 5 stars","+35"
"233",11,"Pat Bryant",DEN,"WR84","12","3 out of 5 stars","+49"
"234",11,"Miles Sanders",DAL,"RB69","10","2 out of 5 stars","+16"
"235",11,"Calvin Austin III",PIT,"WR85","5","4 out of 5 stars","-3"
"236",12,"Daniel Jones",IND,"QB29","11","3 out of 5 stars","+83"
"237",12,"Jason Sanders",MIA,"K12","12","2 out of 5 stars","-61"
"238",12,"Russell Wilson",NYG,"QB30","14","1 out of 5 stars","+14"
"239",12,"Keaton Mitchell",BAL,"RB70","7","4 out of 5 stars","+17"
"240",12,"Ja'Tavion Sanders",CAR,"TE28","14","4 out of 5 stars","-1"
"241",12,"Juwan Johnson",NO,"TE29","11","3 out of 5 stars","+32"
"242",12,"Younghoe Koo",ATL,"K13","5","4 out of 5 stars","-43"
"243",12,"Elijah Arroyo",SEA,"TE30","8","4 out of 5 stars","-2"
"244",12,"Dallas Cowboys",DAL,"DST16","10","0 out of 5 stars","-47"
"245",12,"Dyami Brown",JAC,"WR86","8","4 out of 5 stars","+36"
"246",12,"Jalen Royals",KC,"WR87","10","3 out of 5 stars","+14"
"247",12,"Matt Gay",WAS,"K14","12","3 out of 5 stars","-33"
"248",12,"Roman Wilson",PIT,"WR88","5","4 out of 5 stars","+11"
"249",12,"Jaleel McLaughlin",DEN,"RB71","12","2 out of 5 stars","+23"
"250",12,"Cole Kmet",CHI,"TE31","5","4 out of 5 stars","+5"
"251",12,"Diontae Johnson",CLE,"WR89","9","2 out of 5 stars","+52"
"252",12,"Tahj Brooks",CIN,"RB72","10","4 out of 5 stars","+34"
"253",12,"Devaughn Vele",NO,"WR90","11","4 out of 5 stars","+131"
"254",12,"Anthony Richardson Sr.",IND,"QB31","11","3 out of 5 stars","-28"
"255",12,"Tampa Bay Buccaneers",TB,"DST17","9","3 out of 5 stars","-45"
"256",12,"Raheem Mostert",LV,"RB73","8","2 out of 5 stars","-33"
"257",12,"Chris Rodriguez Jr.",WAS,"RB74","12","2 out of 5 stars","+71"
"258",12,"Tory Horton",SEA,"WR91","8","3 out of 5 stars","-18"
"259",12,"Devin Neal",NO,"RB75","11","4 out of 5 stars","+45"
"260",12,"Brashard Smith",KC,"RB76","10","2 out of 5 stars","+18"
"261",12,"Jarquez Hunter",LAR,"RB77","8","3 out of 5 stars","+28"
"262",12,"Dont'e Thornton Jr.",LV,"WR92","8","4 out of 5 stars","-8"
"263",12,"Brandin Cooks",NO,"WR93","11","4 out of 5 stars","+120"
"264",12,"Jalen Tolbert",DAL,"WR94","10","2 out of 5 stars","+86"
"265",12,"Sean Tucker",TB,"RB78","9","3 out of 5 stars","+43"
"266",12,"Malik Washington",MIA,"WR95","12","3 out of 5 stars","+156"
"267",12,"Elijah Moore",BUF,"WR96","7","3 out of 5 stars","+60"
"268",12,"Joe Flacco",CLE,"QB32","9","2 out of 5 stars","+6"
"269",12,"Kayshon Boutte",NE,"WR97","14","3 out of 5 stars","+8"
"270",12,"Joshua Karty",LAR,"K15","8","2 out of 5 stars","+25"
"271",12,"Elijah Mitchell",KC,"RB79","10","2 out of 5 stars","-13"
"272",12,"Trevor Etienne",CAR,"RB80","14","3 out of 5 stars","-36"
"273",12,"Kenneth Gainwell",PIT,"RB81","5","4 out of 5 stars","+59"
"274",12,"Theo Johnson",NYG,"TE32","14","2 out of 5 stars","+31"
"275",12,"Devin Singletary",NYG,"RB82","14","3 out of 5 stars","+24"
"276",12,"Harold Fannin Jr.",CLE,"TE33","9","3 out of 5 stars","+36"
"277",12,"Antonio Gibson",NE,"RB83","14","4 out of 5 stars","+8"
"278",12,"Nick Westbrook-Ikhine",MIA,"WR98","12","3 out of 5 stars","+94"
"279",12,"Noah Gray",KC,"TE34","10","3 out of 5 stars","-15"
"280",12,"Tre Tucker",LV,"WR99","8","4 out of 5 stars","+78"
"281",12,"Isaac TeSlaa",DET,"WR100","8","3 out of 5 stars","-50"
"282",12,"Ty Johnson",BUF,"RB84","7","4 out of 5 stars","+35"
"283",12,"Audric Estime",DEN,"RB85","12","2 out of 5 stars","+27"
"284",12,"Cleveland Browns",CLE,"DST18","9","3 out of 5 stars","-31"
"285",12,"Dameon Pierce",HOU,"RB86","6","2 out of 5 stars","+22"
"286",12,"Jalen Nailor",MIN,"WR101","6","2 out of 5 stars","+32"
"287",13,"Tyler Shough",NO,"QB33","11","5 out of 5 stars","+29"
"288",13,"Darren Waller",MIA,"TE35","12","3 out of 5 stars","-92"
"289",13,"Chicago Bears",CHI,"DST19","5","2 out of 5 stars","-73"
"290",13,"Jaxson Dart",NYG,"QB34","14","1 out of 5 stars","-41"
"291",13,"Isaiah Davis",NYJ,"RB87","9","5 out of 5 stars","+303"
"292",13,"Parker Washington",JAC,"WR102","8","4 out of 5 stars","+116"
"293",13,"Luke McCaffrey",WAS,"WR103","12","3 out of 5 stars","+20"
"294",13,"Tim Patrick",DET,"WR104","8","3 out of 5 stars","+53"
"295",13,"Taysom Hill",NO,"TE36","11","3 out of 5 stars","-49"
"296",13,"Tyler Loop",BAL,"K16","7","2 out of 5 stars","-111"
"297",13,"Jordan James",SF,"RB88","14","3 out of 5 stars","-14"
"298",13,"Daniel Carlson",LV,"K17","8","3 out of 5 stars","-81"
"299",13,"Will Reichard",MIN,"K18","6","0 out of 5 stars","-72"
"300",13,"Xavier Restrepo",TEN,"WR105","10","4 out of 5 stars","+68"
"301",13,"Khalil Herbert",IND,"RB89","11","2 out of 5 stars","+258"
"302",13,"Terrance Ferguson",LAR,"TE37","8","4 out of 5 stars","-5"
"303",13,"Amari Cooper",FA,"WR106","-","-","+20"
"304",13,"Kimani Vidal",LAC,"RB90","12","2 out of 5 stars","+259"
"305",13,"Christian Watson",GB,"WR107","5","2 out of 5 stars","+32"
"306",13,"Ray-Ray McCloud III",ATL,"WR108","5","3 out of 5 stars","0"
"307",13,"Sincere McCormick",LV,"RB91","8","2 out of 5 stars","+313"
"308",13,"Noah Fant",CIN,"TE38","10","2 out of 5 stars","+21"
"309",13,"Emanuel Wilson",GB,"RB92","5","4 out of 5 stars","+34"
"310",13,"Jermaine Burton",CIN,"WR109","10","3 out of 5 stars","+106"
"311",13,"New England Patriots",NE,"DST20","14","4 out of 5 stars","-93"
"312",13,"Damien Martinez",SEA,"RB93","8","3 out of 5 stars","+39"
"313",13,"Phil Mafah",DAL,"RB94","10","2 out of 5 stars","+215"
"314",13,"Shedeur Sanders",CLE,"QB35","9","2 out of 5 stars","-72"
"315",13,"Chris Brooks",GB,"RB95","5","4 out of 5 stars","+280"
"316",13,"Tyler Higbee",LAR,"TE39","8","4 out of 5 stars","-32"
"317",13,"Oronde Gadsden II",LAC,"TE40","12","3 out of 5 stars","+36"
"318",13,"Tutu Atwell",LAR,"WR110","8","3 out of 5 stars","+7"
"319",13,"Tez Johnson",TB,"WR111","9","3 out of 5 stars","+62"
"320",13,"Ty Chandler",MIN,"RB96","6","3 out of 5 stars","+60"
"321",13,"Arizona Cardinals",ARI,"DST21","8","4 out of 5 stars","-123"
"322",13,"Raheim Sanders",LAC,"RB97","12","2 out of 5 stars","+397"
"323",13,"Samaje Perine",CIN,"RB98","10","4 out of 5 stars","-52"
"324",13,"Troy Franklin",DEN,"WR112","12","3 out of 5 stars","-80"
"325",13,"Jordan Whittington",LAR,"WR113","8","3 out of 5 stars","+36"
"326",13,"Josh Reynolds",NYJ,"WR114","9","4 out of 5 stars","+153"
"327",13,"Will Dissly",LAC,"TE41","12","3 out of 5 stars","+14"
"328",13,"Jason Myers",SEA,"K19","8","5 out of 5 stars","-35"
"329",13,"Ben Sinnott",WAS,"TE42","12","3 out of 5 stars","+46"
"330",13,"Zamir White",LV,"RB99","8","2 out of 5 stars","+5"
"331",13,"Tyler Conklin",LAC,"TE43","12","3 out of 5 stars","-39"
"332",13,"Miami Dolphins",MIA,"DST22","12","2 out of 5 stars","-62"
"333",13,"Spencer Rattler",NO,"QB36","11","5 out of 5 stars","+76"
"334",13,"Noah Brown",WAS,"WR115","12","3 out of 5 stars","+101"
"335",14,"Gabe Davis",FA,"WR116","-","-","+135"
"336",14,"Zack Moss",FA,"RB100","-","-","-98"
"337",14,"KaVontae Turpin",DAL,"WR117","10","2 out of 5 stars","+15"
"338",14,"Jalen Milroe",SEA,"QB37","8","4 out of 5 stars","-69"
"339",14,"Demarcus Robinson",SF,"WR118","14","4 out of 5 stars","+26"
"340",14,"A.J. Dillon",PHI,"RB101","9","3 out of 5 stars","-38"
"341",14,"Tai Felton",MIN,"WR119","6","2 out of 5 stars","+46"
"342",14,"John Metchie III",PHI,"WR120","9","3 out of 5 stars","+25"
"343",14,"Isaiah Bond",CLE,"WR121","9","2 out of 5 stars","+47"
"344",14,"KeAndre Lambert-Smith",LAC,"WR122","12","3 out of 5 stars","+19"
"345",14,"New York Giants",NYG,"DST23","14","1 out of 5 stars","-142"
"346",14,"Justin Tucker",FA,"K20","-","-","-66"
"347",14,"Brandon McManus",GB,"K21","5","3 out of 5 stars","-123"
"348",14,"Marquez Valdes-Scantling",SEA,"WR123","8","3 out of 5 stars","-50"
"349",14,"Jaylin Lane",WAS,"WR124","12","3 out of 5 stars","+166"
"350",14,"Cam Akers",NO,"RB102","11","4 out of 5 stars","+64"
"351",14,"AJ Barner",SEA,"TE44","8","4 out of 5 stars","-7"
"352",14,"Cam Little",JAC,"K22","8","5 out of 5 stars","-164"
"353",14,"Michael Mayer",LV,"TE45","8","2 out of 5 stars","-14"
"354",14,"Dawson Knox",BUF,"TE46","7","3 out of 5 stars","-39"
"355",14,"Kirk Cousins",ATL,"QB38","5","4 out of 5 stars","-44"
"356",14,"Jake Moody",SF,"K23","14","5 out of 5 stars","-127"
"357",14,"Chimere Dike",TEN,"WR125","10","4 out of 5 stars","+217"
"358",14,"Olamide Zaccheaus",CHI,"WR126","5","2 out of 5 stars","-12"
"359",14,"Savion Williams",GB,"WR127","5","2 out of 5 stars","+52"
"360",14,"Luke Musgrave",GB,"TE47","5","2 out of 5 stars","-26"
"361",14,"Gus Edwards",FA,"RB103","-","-","+284"
"362",14,"Mack Hollins",NE,"WR128","14","3 out of 5 stars","+16"
"363",14,"Emari Demercado",ARI,"RB104","8","3 out of 5 stars","+220"
"364",14,"Washington Commanders",WAS,"DST24","12","4 out of 5 stars","-163"
"365",14,"Allen Lazard",NYJ,"WR129","9","4 out of 5 stars","+6"
"366",14,"Curtis Samuel",BUF,"WR130","7","3 out of 5 stars","+28"
"367",14,"Donovan Edwards",NYJ,"RB105","9","5 out of 5 stars","+240"
"368",14,"Jameis Winston",NYG,"QB39","14","1 out of 5 stars","-37"
"369",14,"Greg Dortch",ARI,"WR131","8","4 out of 5 stars","+127"
"370",14,"Gunnar Helm",TEN,"TE48","10","3 out of 5 stars","+47"
"371",14,"Kalel Mullings",TEN,"RB106","10","2 out of 5 stars","+160"
"372",14,"Zay Jones",ARI,"WR132","8","4 out of 5 stars","+165"
"373",14,"LeQuint Allen Jr.",JAC,"RB107","8","2 out of 5 stars","+259"
"374",14,"Dillon Gabriel",CLE,"QB40","9","2 out of 5 stars","+165"
"375",14,"Austin Hooper",NE,"TE49","14","3 out of 5 stars","-26"
"376",14,"Eddy Pineiro",FA,"K24","-","-","+114"
"377",14,"Atlanta Falcons",ATL,"DST25","5","3 out of 5 stars","-87"
"378",14,"Jahan Dotson",PHI,"WR133","9","3 out of 5 stars","-40"
"379",14,"Trey Sermon",PIT,"RB108","5","4 out of 5 stars","+178"
"380",14,"Matt Prater",FA,"K25","-","-","+169"
"381",14,"Van Jefferson",TEN,"WR134","10","4 out of 5 stars","+121"
"382",14,"Tank Dell",HOU,"WR135","6","4 out of 5 stars","-56"
"383",14,"Kenny Pickett",CLE,"QB41","9","2 out of 5 stars","+32"
"384",14,"Indianapolis Colts",IND,"DST26","11","4 out of 5 stars","-121"
"385",14,"Jimmy Garoppolo",LAR,"QB42","8","3 out of 5 stars","-26"
"386",14,"Kyle Juszczyk",SF,"RB109","14","3 out of 5 stars","+38"
"387",14,"Foster Moreau",NO,"TE50","11","3 out of 5 stars","+213"
"388",14,"Hunter Renfrow",CAR,"WR136","14","4 out of 5 stars","-55"
"389",14,"Jacob Cowing",SF,"WR137","14","4 out of 5 stars","+248"
"390",15,"Craig Reynolds",DET,"RB110","8","2 out of 5 stars","+2"
"391",15,"Robert Woods",PIT,"WR138","5","4 out of 5 stars","+14"
"392",15,"Theo Wease Jr.",MIA,"WR139","12","3 out of 5 stars","-"
"393",15,"Luke Schoonmaker",DAL,"TE51","10","2 out of 5 stars","-17"
"394",15,"Cade Stover",HOU,"TE52","6","3 out of 5 stars","+88"
"395",15,"Antwane Wells Jr.",NYG,"WR140","14","2 out of 5 stars","-"
"396",15,"Cincinnati Bengals",CIN,"DST27","10","2 out of 5 stars","-149"
"397",15,"Tyrod Taylor",NYJ,"QB43","9","5 out of 5 stars","+209"
"398",15,"Jonathon Brooks",CAR,"RB111","14","3 out of 5 stars","+404"
"399",15,"Chad Ryland",ARI,"K26","8","3 out of 5 stars","-78"
"400",15,"Tommy Tremble",CAR,"TE53","14","4 out of 5 stars","+26"
"401",15,"Arian Smith",NYJ,"WR141","9","4 out of 5 stars","+172"
"402",15,"Ja'Quinden Jackson",JAC,"RB112","8","2 out of 5 stars","+447"
"403",15,"Efton Chism III",NE,"WR142","14","3 out of 5 stars","-67"
"404",15,"Josh Oliver",MIN,"TE54","6","3 out of 5 stars","-40"
"405",15,"Jamari Thrash",CLE,"WR143","9","2 out of 5 stars","+136"
"406",15,"Jeremy McNichols",WAS,"RB113","12","2 out of 5 stars","+166"
"407",15,"Blake Grupe",NO,"K27","11","5 out of 5 stars","-85"
"408",15,"Joe Milton III",DAL,"QB44","10","2 out of 5 stars","-63"
"409",15,"Aidan O'Connell",LV,"QB45","8","3 out of 5 stars","+135"
"410",15,"Pierre Strong Jr.",CLE,"RB114","9","4 out of 5 stars","+269"
"411",15,"Mason Rudolph",PIT,"QB46","5","4 out of 5 stars","-57"
"412",15,"Dare Ogunbowale",HOU,"RB115","6","2 out of 5 stars","+244"
"413",15,"Xavier Hutchinson",HOU,"WR144","6","4 out of 5 stars","+269"
"414",15,"New Orleans Saints",NO,"DST28","11","4 out of 5 stars","-139"
"415",15,"Clyde Edwards-Helaire",NO,"RB116","11","4 out of 5 stars","+137"
"416",15,"Kendrick Bourne",NE,"WR145","14","3 out of 5 stars","+29"
"417",15,"JuJu Smith-Schuster",KC,"WR146","10","3 out of 5 stars","-69"
"418",15,"Jalin Hyatt",NYG,"WR147","14","2 out of 5 stars","-44"
"419",15,"Jordan Watkins",SF,"WR148","14","4 out of 5 stars","+160"
"420",15,"Grant Calcaterra",PHI,"TE55","9","3 out of 5 stars","-29"
"421",15,"Cairo Santos",CHI,"K28","5","1 out of 5 stars","-125"
"422",15,"Jeremy Ruckert",NYJ,"TE56","9","3 out of 5 stars","+153"
"423",15,"Javon Baker",NE,"WR149","14","3 out of 5 stars","+385"
"424",15,"Jonathan Mingo",DAL,"WR150","10","2 out of 5 stars","+106"
"425",15,"Tyler Johnson",NYJ,"WR151","9","4 out of 5 stars","+200"
"426",15,"Deshaun Watson",CLE,"QB47","9","2 out of 5 stars","-37"
"427",15,"D'Ernest Johnson",BAL,"RB117","7","4 out of 5 stars","-"
"428",15,"Alec Ingold",MIA,"RB118","12","4 out of 5 stars","+239"
"429",15,"Graham Gano",NYG,"K29","14","0 out of 5 stars","-109"
"430",15,"Devontez Walker",BAL,"WR152","7","3 out of 5 stars","+116"
"431",15,"Chris Tyree",NO,"RB119","11","4 out of 5 stars","-"
"432",15,"Mitchell Evans",CAR,"TE57","14","4 out of 5 stars","-13"
"433",15,"Malik Willis",GB,"QB48","5","2 out of 5 stars","-67"
"434",15,"Malachi Corley",NYJ,"WR153","9","4 out of 5 stars","+234"
"435",15,"Carson Steele",KC,"RB120","10","2 out of 5 stars","-32"
"436",15,"Las Vegas Raiders",LV,"DST29","8","4 out of 5 stars","-170"
"437",15,"Stone Smartt",NYJ,"TE58","9","3 out of 5 stars","+334"
"438",15,"Jake Haener",NO,"QB49","11","5 out of 5 stars","+343"
"439",15,"Greg Dulcich",NYG,"TE59","14","2 out of 5 stars","+439"
"440",15,"Zach Wilson",MIA,"QB50","12","5 out of 5 stars","+2"
"441",15,"Elijah Higgins",ARI,"TE60","8","5 out of 5 stars","-64"
"442",15,"Kalif Raymond",DET,"WR154","8","3 out of 5 stars","-46"
"443",15,"Marcus Yarns",NO,"RB121","11","4 out of 5 stars","+253"
"444",15,"Will Howard",PIT,"QB51","5","4 out of 5 stars","-74"
"445",15,"George Holani",SEA,"RB122","8","3 out of 5 stars","+95"
"446",15,"Darnell Washington",PIT,"TE61","5","3 out of 5 stars","-106"
"447",15,"Tyler Goodson",IND,"RB123","11","2 out of 5 stars","+122"
"448",15,"Hunter Luepke",DAL,"RB124","10","2 out of 5 stars","+181"
"449",15,"Josh Whyle",TEN,"TE62","10","3 out of 5 stars","+159"
"450",15,"Bub Means",NO,"WR155","11","4 out of 5 stars","+359"
"451",15,"Michael Gallup",WAS,"WR156","12","3 out of 5 stars","+189"
"452",15,"Cordarrelle Patterson",FA,"RB125","-","-","+146"
"453",15,"Deuce Vaughn",DAL,"RB126","10","2 out of 5 stars","-35"
"454",15,"Julius Chestnut",TEN,"RB127","10","2 out of 5 stars","+45"
"455",15,"Marcus Mariota",WAS,"QB52","12","2 out of 5 stars","-45"
"456",15,"Michael Carter",ARI,"RB128","8","3 out of 5 stars","+94"
"457",15,"Casey Washington",ATL,"WR157","5","3 out of 5 stars","+343"
"458",15,"Luke Lachey",HOU,"TE63","6","3 out of 5 stars","-"
"459",15,"KhaDarel Hodge",ATL,"WR158","5","3 out of 5 stars","+122"
"460",15,"Jaydn Ott",FA,"RB129","-","-","-"
"461",15,"Carlos Washington Jr.",ATL,"RB130","5","4 out of 5 stars","-"
"462",15,"Daniel Bellinger",NYG,"TE64","14","2 out of 5 stars","-23"
"463",15,"Sam Howell",MIN,"QB53","6","2 out of 5 stars","-36"
"464",15,"Julian Hill",MIA,"TE65","12","3 out of 5 stars","-67"
"465",16,"Dylan Laube",LV,"RB131","8","2 out of 5 stars","+342"
"466",16,"DeeJay Dallas",ARI,"RB132","8","3 out of 5 stars","+186"
"467",16,"Lucky Jackson",MIN,"WR159","6","2 out of 5 stars","+71"
"468",16,"Jake Bobo",SEA,"WR160","8","3 out of 5 stars","-106"
"469",16,"Jacksonville Jaguars",JAC,"DST30","8","4 out of 5 stars","-181"
"470",16,"Cedrick Wilson Jr.",NO,"WR161","11","4 out of 5 stars","+75"
"471",16,"Thomas Fidone II",NYG,"TE66","14","2 out of 5 stars","+308"
"472",16,"Kylen Granson",PHI,"TE67","9","3 out of 5 stars","+144"
"473",16,"K.J. Osborn",WAS,"WR162","12","3 out of 5 stars","+261"
"474",16,"Jimmy Horn Jr.",CAR,"WR163","14","4 out of 5 stars","-114"
"475",16,"David Bell",CLE,"WR164","9","2 out of 5 stars","+143"
"476",16,"Gardner Minshew II",KC,"QB54","10","3 out of 5 stars","-64"
"477",16,"Hunter Long",JAC,"TE68","8","3 out of 5 stars","-"
"478",16,"Tennessee Titans",TEN,"DST31","10","5 out of 5 stars","-191"
"479",16,"Jacoby Brissett",ARI,"QB55","8","4 out of 5 stars","+169"
"480",16,"Carolina Panthers",CAR,"DST32","14","3 out of 5 stars","-156"
"481",16,"Tyquan Thornton",KC,"WR165","10","3 out of 5 stars","+85"
"482",16,"Quinn Ewers",MIA,"QB56","12","5 out of 5 stars","-62"
"483",16,"Mac Jones",SF,"QB57","14","4 out of 5 stars","-101"
"484",16,"Tyler Badie",DEN,"RB133","12","2 out of 5 stars","+193"
"485",16,"Beaux Collins",NYG,"WR166","14","2 out of 5 stars","+244"
"486",16,"C.J. Ham",MIN,"RB134","6","3 out of 5 stars","-13"
"487",16,"Patrick Ricard",BAL,"RB135","7","4 out of 5 stars","-21"
"488",16,"Colby Parkinson",LAR,"TE69","8","4 out of 5 stars","+77"
"489",16,"Michael Burton",DEN,"RB136","12","2 out of 5 stars","+87"
"490",16,"Andrew Beck",NYJ,"TE70","9","3 out of 5 stars","+371"
"491",16,"Pharaoh Brown",MIA,"TE71","12","3 out of 5 stars","+213"
"492",16,"Brock Wright",DET,"TE72","8","3 out of 5 stars","-107"
"493",16,"Ezekiel Elliott",FA,"RB137","-","-","-28"
"494",16,"John Bates",WAS,"TE73","12","3 out of 5 stars","+28"
"495",16,"Harrison Bryant",HOU,"TE74","6","3 out of 5 stars","+179"
"496",16,"Jase McClellan",TB,"RB138","9","3 out of 5 stars","+303"
"497",16,"Luke Farrell",SF,"TE75","14","3 out of 5 stars","+104"
"498",16,"Rasheen Ali",BAL,"RB139","7","4 out of 5 stars","+93"
"499",16,"Jake Browning",CIN,"QB58","10","2 out of 5 stars","-86"
"500",16,"Cooper Rush",BAL,"QB59","7","3 out of 5 stars","-98"
"501",16,"Charlie Woerner",ATL,"TE76","5","3 out of 5 stars","+110"
"502",16,"Tanner Hudson",CIN,"TE77","10","2 out of 5 stars","+155"
"503",16,"Jakob Johnson",HOU,"RB140","6","2 out of 5 stars","+212"
"504",16,"David Moore",CAR,"WR167","14","4 out of 5 stars","-109"
"505",16,"Tylan Wallace",BAL,"WR168","7","3 out of 5 stars","-52"
"506",16,"Adam Trautman",DEN,"TE78","12","3 out of 5 stars","-85"
"507",16,"Johnny Mundt",JAC,"TE79","8","3 out of 5 stars","+195"
"508",16,"Scotty Miller",PIT,"WR169","5","4 out of 5 stars","+74"