"RK","PLAYER NAME",TEAM,"POS","OPP","MATCHUP "
"1","Josh Allen",BUF,"QB1","at NYJ","4 out of 5 stars"
"2","Lamar Jackson",BAL,"QB2","vs. CLE","4 out of 5 stars"
"3","Jalen Hurts",PHI,"QB3","at KC","2 out of 5 stars"
"4","Joe Burrow",CIN,"QB4","vs. JAC","5 out of 5 stars"
"5","Ja'Marr Chase",CIN,"WR1","vs. JAC","4 out of 5 stars"
"6","Jayden Daniels",WAS,"QB5","at GB","3 out of 5 stars"
"7","CeeDee Lamb",DAL,"WR2","vs. NYG","4 out of 5 stars"
"8","Christian McCaffrey",SF,"RB1","at NO","4 out of 5 stars"
"9","Justin Herbert",LAC,"QB6","at LV","3 out of 5 stars"
"10","Bijan Robinson",ATL,"RB2","at MIN","2 out of 5 stars"
"11","Justin Fields",NYJ,"QB7","vs. BUF","3 out of 5 stars"
"12","Justin Jefferson",MIN,"WR3","vs. ATL","4 out of 5 stars"
"13","Derrick Henry",BAL,"RB3","vs. CLE","4 out of 5 stars"
"14","Kyler Murray",ARI,"QB8","vs. CAR","5 out of 5 stars"
"15","Jahmyr Gibbs",DET,"RB4","vs. CHI","3 out of 5 stars"
"16","Patrick Mahomes II",KC,"QB9","vs. PHI","1 out of 5 stars"
"17","Saquon Barkley",PHI,"RB5","at KC","2 out of 5 stars"
"18","Malik Nabers",NYG,"WR4","at DAL","3 out of 5 stars"
"19","Chase Brown",CIN,"RB6","vs. JAC","3 out of 5 stars"
"20","Puka Nacua",LAR,"WR5","at TEN","3 out of 5 stars"
"21","Drake Maye",NE,"QB10","at MIA","4 out of 5 stars"
"22","Baker Mayfield",TB,"QB11","at HOU","2 out of 5 stars"
"23","Dak Prescott",DAL,"QB12","vs. NYG","4 out of 5 stars"
"24","Bo Nix",DEN,"QB13","at IND","4 out of 5 stars"
"25","Trevor Lawrence",JAC,"QB14","at CIN","4 out of 5 stars"
"26","Jordan Love",GB,"QB15","vs. WAS","4 out of 5 stars"
"27","Josh Jacobs",GB,"RB7","vs. WAS","4 out of 5 stars"
"28","J.J. McCarthy",MIN,"QB16","vs. ATL","4 out of 5 stars"
"29","Caleb Williams",CHI,"QB17","at DET","3 out of 5 stars"
"30","De'Von Achane",MIA,"RB8","vs. NE","4 out of 5 stars"
"31","Jared Goff",DET,"QB18","vs. CHI","2 out of 5 stars"
"32","Nico Collins",HOU,"WR6","vs. TB","2 out of 5 stars"
"33","Brian Thomas Jr.",JAC,"WR7","at CIN","3 out of 5 stars"
"34","Amon-Ra St. Brown",DET,"WR8","vs. CHI","3 out of 5 stars"
"35","James Conner",ARI,"RB9","vs. CAR","4 out of 5 stars"
"36","Bucky Irving",TB,"RB10","at HOU","2 out of 5 stars"
"37","Kyren Williams",LAR,"RB11","at TEN","3 out of 5 stars"
"38","C.J. Stroud",HOU,"QB19","vs. TB","4 out of 5 stars"
"39","Michael Penix Jr.",ATL,"QB20","at MIN","2 out of 5 stars"
"40","Ashton Jeanty",LV,"RB12","vs. LAC","2 out of 5 stars"
"41","Geno Smith",LV,"QB21","vs. LAC","3 out of 5 stars"
"42","Jaxon Smith-Njigba",SEA,"WR9","at PIT","2 out of 5 stars"
"43","Aaron Rodgers",PIT,"QB22","vs. SEA","2 out of 5 stars"
"44","Daniel Jones",IND,"QB23","vs. DEN","2 out of 5 stars"
"45","Matthew Stafford",LAR,"QB24","at TEN","3 out of 5 stars"
"46","Ladd McConkey",LAC,"WR10","at LV","3 out of 5 stars"
"47","Drake London",ATL,"WR11","at MIN","3 out of 5 stars"
"48","Breece Hall",NYJ,"RB13","vs. BUF","4 out of 5 stars"
"49","Trey McBride",ARI,"TE1","vs. CAR","3 out of 5 stars"
"50","Jonathan Taylor",IND,"RB14","vs. DEN","2 out of 5 stars"
"51","Travis Etienne Jr.",JAC,"RB15","at CIN","4 out of 5 stars"
"52","Bryce Young",CAR,"QB25","at ARI","3 out of 5 stars"
"53","Tua Tagovailoa",MIA,"QB26","vs. NE","4 out of 5 stars"
"54","Garrett Wilson",NYJ,"WR12","vs. BUF","4 out of 5 stars"
"55","James Cook",BUF,"RB16","at NYJ","2 out of 5 stars"
"56","Joe Flacco",CLE,"QB27","at BAL","3 out of 5 stars"
"57","Alvin Kamara",NO,"RB17","vs. SF","4 out of 5 stars"
"58","A.J. Brown",PHI,"WR13","at KC","4 out of 5 stars"
"59","Tee Higgins",CIN,"WR14","vs. JAC","4 out of 5 stars"
"60","Chuba Hubbard",CAR,"RB18","at ARI","3 out of 5 stars"
"61","Marvin Harrison Jr.",ARI,"WR15","vs. CAR","3 out of 5 stars"
"62","Mike Evans",TB,"WR16","at HOU","3 out of 5 stars"
"63","Omarion Hampton",LAC,"RB19","at LV","4 out of 5 stars"
"64","Courtland Sutton",DEN,"WR17","at IND","4 out of 5 stars"
"65","Brock Bowers",LV,"TE2","vs. LAC","2 out of 5 stars"
"66","Sam Darnold",SEA,"QB28","at PIT","2 out of 5 stars"
"67","DK Metcalf",PIT,"WR18","vs. SEA","3 out of 5 stars"
"68","Davante Adams",LAR,"WR19","at TEN","3 out of 5 stars"
"69","Cam Ward",TEN,"QB29","vs. LAR","3 out of 5 stars"
"70","Zay Flowers",BAL,"WR20","vs. CLE","4 out of 5 stars"
"71","Tony Pollard",TEN,"RB20","vs. LAR","3 out of 5 stars"
"72","Emeka Egbuka",TB,"WR21","at HOU","3 out of 5 stars"
"73","Tetairoa McMillan",CAR,"WR22","at ARI","4 out of 5 stars"
"74","Russell Wilson",NYG,"QB30","at DAL","3 out of 5 stars"
"75","Javonte Williams",DAL,"RB21","vs. NYG","4 out of 5 stars"
"76","Terry McLaurin",WAS,"WR23","at GB","3 out of 5 stars"
"77","DJ Moore",CHI,"WR24","at DET","2 out of 5 stars"
"78","D'Andre Swift",CHI,"RB22","at DET","3 out of 5 stars"
"79","Tyreek Hill",MIA,"WR25","vs. NE","4 out of 5 stars"
"80","Ricky Pearsall",SF,"WR26","at NO","2 out of 5 stars"
"81","Jakobi Meyers",LV,"WR27","vs. LAC","3 out of 5 stars"
"82","DeVonta Smith",PHI,"WR28","at KC","4 out of 5 stars"
"83","TreVeyon Henderson",NE,"RB23","at MIA","4 out of 5 stars"
"84","Marquise Brown",KC,"WR29","vs. PHI","2 out of 5 stars"
"85","Sam LaPorta",DET,"TE3","vs. CHI","3 out of 5 stars"
"86","Travis Hunter",JAC,"WR30","at CIN","3 out of 5 stars"
"87","George Pickens",DAL,"WR31","vs. NYG","4 out of 5 stars"
"88","Deebo Samuel Sr.",WAS,"WR32","at GB","3 out of 5 stars"
"89","Jaylen Warren",PIT,"RB24","vs. SEA","3 out of 5 stars"
"90","Jerry Jeudy",CLE,"WR33","at BAL","3 out of 5 stars"
"91","Kenneth Walker III",SEA,"RB25","at PIT","4 out of 5 stars"
"92","Rome Odunze",CHI,"WR34","at DET","2 out of 5 stars"
"93","Chris Olave",NO,"WR35","vs. SF","4 out of 5 stars"
"94","Spencer Rattler",NO,"QB31","vs. SF","2 out of 5 stars"
"95","David Montgomery",DET,"RB26","vs. CHI","3 out of 5 stars"
"96","Calvin Ridley",TEN,"WR36","vs. LAR","3 out of 5 stars"
"97","Jameson Williams",DET,"WR37","vs. CHI","3 out of 5 stars"
"98","J.K. Dobbins",DEN,"RB27","at IND","3 out of 5 stars"
"99","Aaron Jones Sr.",MIN,"RB28","vs. ATL","2 out of 5 stars"
"100","Keenan Allen",LAC,"WR38","at LV","3 out of 5 stars"
"101","Jaylen Waddle",MIA,"WR39","vs. NE","4 out of 5 stars"
"102","Tyler Warren",IND,"TE4","vs. DEN","2 out of 5 stars"
"103","Zach Charbonnet",SEA,"RB29","at PIT","4 out of 5 stars"
"104","Stefon Diggs",NE,"WR40","at MIA","3 out of 5 stars"
"105","Travis Kelce",KC,"TE5","vs. PHI","2 out of 5 stars"
"106","Khalil Shakir",BUF,"WR41","at NYJ","3 out of 5 stars"
"107","Jacory Croskey-Merritt",WAS,"RB30","at GB","2 out of 5 stars"
"108","Michael Pittman Jr.",IND,"WR42","vs. DEN","3 out of 5 stars"
"109","Tyrone Tracy Jr.",NYG,"RB31","at DAL","4 out of 5 stars"
"110","Keon Coleman",BUF,"WR43","at NYJ","3 out of 5 stars"
"111","Isiah Pacheco",KC,"RB32","vs. PHI","2 out of 5 stars"
"112","Cedric Tillman",CLE,"WR44","at BAL","3 out of 5 stars"
"113","Jordan Mason",MIN,"RB33","vs. ATL","2 out of 5 stars"
"114","Tucker Kraft",GB,"TE6","vs. WAS","3 out of 5 stars"
"115","Quentin Johnston",LAC,"WR45","at LV","3 out of 5 stars"
"116","T.J. Hockenson",MIN,"TE7","vs. ATL","5 out of 5 stars"
"117","Austin Ekeler",WAS,"RB34","at GB","2 out of 5 stars"
"118","Matthew Golden",GB,"WR46","vs. WAS","2 out of 5 stars"
"119","Jayden Reed",GB,"WR47","vs. WAS","2 out of 5 stars"
"120","Dylan Sampson",CLE,"RB35","at BAL","3 out of 5 stars"
"121","RJ Harvey",DEN,"RB36","at IND","3 out of 5 stars"
"122","Mark Andrews",BAL,"TE8","vs. CLE","3 out of 5 stars"
"123","Josh Downs",IND,"WR48","vs. DEN","3 out of 5 stars"
"124","Romeo Doubs",GB,"WR49","vs. WAS","2 out of 5 stars"
"125","Rashid Shaheed",NO,"WR50","vs. SF","4 out of 5 stars"
"126","Cooper Kupp",SEA,"WR51","at PIT","2 out of 5 stars"
"127","Wan'Dale Robinson",NYG,"WR52","at DAL","3 out of 5 stars"
"128","Nick Chubb",HOU,"RB37","vs. TB","2 out of 5 stars"
"129","David Njoku",CLE,"TE9","at BAL","3 out of 5 stars"
"130","DeMario Douglas",NE,"WR53","at MIA","3 out of 5 stars"
"131","Jake Ferguson",DAL,"TE10","vs. NYG","3 out of 5 stars"
"132","Kayshon Boutte",NE,"WR54","at MIA","3 out of 5 stars"
"133","Kyle Pitts Sr.",ATL,"TE11","at MIN","3 out of 5 stars"
"134","Rashod Bateman",BAL,"WR55","vs. CLE","4 out of 5 stars"
"135","Brenton Strange",JAC,"TE12","at CIN","3 out of 5 stars"
"136","Hunter Henry",NE,"TE13","at MIA","2 out of 5 stars"
"137","Rhamondre Stevenson",NE,"RB38","at MIA","4 out of 5 stars"
"138","Joshua Palmer",BUF,"WR56","at NYJ","3 out of 5 stars"
"139","Marvin Mims Jr.",DEN,"WR57","at IND","4 out of 5 stars"
"140","Zach Ertz",WAS,"TE14","at GB","3 out of 5 stars"
"141","Adam Thielen",MIN,"WR58","vs. ATL","4 out of 5 stars"
"142","Harold Fannin Jr.",CLE,"TE15","at BAL","3 out of 5 stars"
"143","Trey Benson",ARI,"RB39","vs. CAR","4 out of 5 stars"
"144","Dalton Kincaid",BUF,"TE16","at NYJ","3 out of 5 stars"
"145","Juwan Johnson",NO,"TE17","vs. SF","4 out of 5 stars"
"146","Xavier Legette",CAR,"WR59","at ARI","4 out of 5 stars"
"147","Mac Jones",SF,"QB32","at NO","2 out of 5 stars"
"148","Jauan Jennings",SF,"WR60","at NO","2 out of 5 stars"
"149","Jayden Higgins",HOU,"WR61","vs. TB","2 out of 5 stars"
"150","Jonnu Smith",PIT,"TE18","vs. SEA","4 out of 5 stars"
"151","Calvin Austin III",PIT,"WR62","vs. SEA","3 out of 5 stars"
"152","Dallas Goedert",PHI,"TE19","at KC","3 out of 5 stars"
"153","Braelon Allen",NYJ,"RB40","vs. BUF","4 out of 5 stars"
"154","Chig Okonkwo",TEN,"TE20","vs. LAR","3 out of 5 stars"
"155","Darnell Mooney",ATL,"WR63","at MIN","3 out of 5 stars"
"156","Rachaad White",TB,"RB41","at HOU","2 out of 5 stars"
"157","Colston Loveland",CHI,"TE21","at DET","3 out of 5 stars"
"158","Elic Ayomanor",TEN,"WR64","vs. LAR","3 out of 5 stars"
"159","Dyami Brown",JAC,"WR65","at CIN","3 out of 5 stars"
"160","Evan Engram",DEN,"TE22","at IND","4 out of 5 stars"
"161","Jerome Ford",CLE,"RB42","at BAL","3 out of 5 stars"
"162","Dalton Schultz",HOU,"TE23","vs. TB","3 out of 5 stars"
"163","Cade Otton",TB,"TE24","at HOU","3 out of 5 stars"
"164","Tyler Allgeier",ATL,"RB43","at MIN","2 out of 5 stars"
"165","Alec Pierce",IND,"WR66","vs. DEN","3 out of 5 stars"
"166","Ja'Tavion Sanders",CAR,"TE25","at ARI","2 out of 5 stars"
"167","Kenneth Gainwell",PIT,"RB44","vs. SEA","3 out of 5 stars"
"168","Pat Freiermuth",PIT,"TE26","vs. SEA","4 out of 5 stars"
"169","Brian Robinson Jr.",SF,"RB45","at NO","4 out of 5 stars"
"170","DeAndre Hopkins",BAL,"WR67","vs. CLE","4 out of 5 stars"
"171","Najee Harris",LAC,"RB46","at LV","4 out of 5 stars"
"172","Rico Dowdle",CAR,"RB47","at ARI","3 out of 5 stars"
"173","Theo Johnson",NYG,"TE27","at DAL","4 out of 5 stars"
"174","Cam Skattebo",NYG,"RB48","at DAL","4 out of 5 stars"
"175","Mike Gesicki",CIN,"TE28","vs. JAC","4 out of 5 stars"
"176","Kareem Hunt",KC,"RB49","vs. PHI","2 out of 5 stars"
"177","Bhayshul Tuten",JAC,"RB50","at CIN","4 out of 5 stars"
"178","JuJu Smith-Schuster",KC,"WR68","vs. PHI","2 out of 5 stars"
"179","Noah Fant",CIN,"TE29","vs. JAC","4 out of 5 stars"
"180","Dontayvion Wicks",GB,"WR69","vs. WAS","2 out of 5 stars"
"181","Jalen Nailor",MIN,"WR70","vs. ATL","4 out of 5 stars"
"182","Troy Franklin",DEN,"WR71","at IND","4 out of 5 stars"
"183","Dont'e Thornton Jr.",LV,"WR72","vs. LAC","3 out of 5 stars"
"184","Ray-Ray McCloud III",ATL,"WR73","at MIN","3 out of 5 stars"
"185","Andrei Iosivas",CIN,"WR74","vs. JAC","4 out of 5 stars"
"186","Tre Tucker",LV,"WR75","vs. LAC","3 out of 5 stars"
"187","Mason Taylor",NYJ,"TE30","vs. BUF","3 out of 5 stars"
"188","Luther Burden III",CHI,"WR76","at DET","2 out of 5 stars"
"189","Jake Tonges",SF,"TE31","at NO","4 out of 5 stars"
"190","Ollie Gordon II",MIA,"RB51","vs. NE","4 out of 5 stars"
"191","Ray Davis",BUF,"RB52","at NYJ","2 out of 5 stars"
"192","Darius Slayton",NYG,"WR77","at DAL","3 out of 5 stars"
"193","Isaac TeSlaa",DET,"WR78","vs. CHI","3 out of 5 stars"
"194","Tyler Conklin",LAC,"TE32","at LV","3 out of 5 stars"
"195","Miles Sanders",DAL,"RB53","vs. NYG","4 out of 5 stars"
"196","Michael Wilson",ARI,"WR79","vs. CAR","3 out of 5 stars"
"197","Justice Hill",BAL,"RB54","vs. CLE","4 out of 5 stars"
"198","Kaleb Johnson",PIT,"RB55","vs. SEA","3 out of 5 stars"
"199","DJ Giddens",IND,"RB56","vs. DEN","2 out of 5 stars"
"200","Tyquan Thornton",KC,"WR80","vs. PHI","2 out of 5 stars"
"201","Malik Washington",MIA,"WR81","vs. NE","4 out of 5 stars"
"202","Kendre Miller",NO,"RB57","vs. SF","4 out of 5 stars"
"203","Olamide Zaccheaus",CHI,"WR82","at DET","2 out of 5 stars"
"204","Cole Kmet",CHI,"TE33","at DET","3 out of 5 stars"
"205","Elijah Arroyo",SEA,"TE34","at PIT","4 out of 5 stars"
"206","Tyler Lockett",TEN,"WR83","vs. LAR","3 out of 5 stars"
"207","Ty Johnson",BUF,"RB58","at NYJ","2 out of 5 stars"
"208","KaVontae Turpin",DAL,"WR84","vs. NYG","4 out of 5 stars"
"209","Tank Bigsby",PHI,"RB59","at KC","2 out of 5 stars"
"210","Woody Marks",HOU,"RB60","vs. TB","2 out of 5 stars"
"211","Blake Corum",LAR,"RB61","at TEN","3 out of 5 stars"
"212","Brandin Cooks",NO,"WR85","vs. SF","4 out of 5 stars"
"213","Pat Bryant",DEN,"WR86","at IND","4 out of 5 stars"
"214","Xavier Hutchinson",HOU,"WR87","vs. TB","2 out of 5 stars"
"215","Tory Horton",SEA,"WR88","at PIT","2 out of 5 stars"
"216","Sterling Shepard",TB,"WR89","at HOU","3 out of 5 stars"
"217","Kyle Monangai",CHI,"RB62","at DET","3 out of 5 stars"
"218","Dameon Pierce",HOU,"RB63","vs. TB","2 out of 5 stars"
"219","Tutu Atwell",LAR,"WR90","at TEN","3 out of 5 stars"
"220","Christian Kirk",HOU,"WR91","vs. TB","2 out of 5 stars"
"221","Adonai Mitchell",IND,"WR92","vs. DEN","3 out of 5 stars"
"222","Josh Reynolds",NYJ,"WR93","vs. BUF","4 out of 5 stars"
"223","Nick Westbrook-Ikhine",MIA,"WR94","vs. NE","4 out of 5 stars"
"224","Samaje Perine",CIN,"RB64","vs. JAC","3 out of 5 stars"
"225","Jaylin Noel",HOU,"WR95","vs. TB","2 out of 5 stars"
"226","Quinshon Judkins",CLE,"RB65","at BAL","3 out of 5 stars"
"227","A.J. Dillon",PHI,"RB66","at KC","2 out of 5 stars"
"228","Noah Brown",WAS,"WR96","at GB","3 out of 5 stars"
"229","Isaiah Davis",NYJ,"RB67","vs. BUF","4 out of 5 stars"
"230","Devin Singletary",NYG,"RB68","at DAL","4 out of 5 stars"
"231","Jalen Tolbert",DAL,"WR97","vs. NYG","4 out of 5 stars"
"232","Hunter Long",JAC,"TE35","at CIN","3 out of 5 stars"
"233","Brashard Smith",KC,"RB69","vs. PHI","2 out of 5 stars"
"234","Raheim Sanders",CLE,"RB70","at BAL","3 out of 5 stars"
"235","Tre' Harris",LAC,"WR98","at LV","3 out of 5 stars"
"236","Jahan Dotson",PHI,"WR99","at KC","4 out of 5 stars"
"237","Brock Purdy",SF,"QB33","at NO","2 out of 5 stars"
"238","Emanuel Wilson",GB,"RB71","vs. WAS","4 out of 5 stars"
"239","Hunter Renfrow",CAR,"WR100","at ARI","4 out of 5 stars"
"240","Roman Wilson",PIT,"WR101","vs. SEA","3 out of 5 stars"
"241","Julius Chestnut",TEN,"RB72","vs. LAR","3 out of 5 stars"
"242","Kyle Juszczyk",SF,"RB73","at NO","4 out of 5 stars"
"243","Xavier Worthy",KC,"WR102","vs. PHI","2 out of 5 stars"
"244","Devaughn Vele",NO,"WR103","vs. SF","4 out of 5 stars"
"245","Zamir White",LV,"RB74","vs. LAC","2 out of 5 stars"
"246","Jeremy McNichols",WAS,"RB75","at GB","2 out of 5 stars"
"247","Casey Washington",ATL,"WR104","at MIN","3 out of 5 stars"
"248","Jack Bech",LV,"WR105","vs. LAC","3 out of 5 stars"
"249","Jaxson Dart",NYG,"QB34","at DAL","3 out of 5 stars"
"250","Roschon Johnson",CHI,"RB76","at DET","3 out of 5 stars"
"251","LeQuint Allen Jr.",JAC,"RB77","at CIN","4 out of 5 stars"
"252","Chris Brooks",GB,"RB78","vs. WAS","4 out of 5 stars"
"253","Devin Neal",NO,"RB79","vs. SF","4 out of 5 stars"
"254","Sean Tucker",TB,"RB80","at HOU","2 out of 5 stars"
"255","Antonio Gibson",NE,"RB81","at MIA","4 out of 5 stars"
"256","Ben Skowronek",PIT,"WR106","vs. SEA","3 out of 5 stars"
"257","Will Shipley",PHI,"RB82","at KC","2 out of 5 stars"
"258","Tahj Brooks",CIN,"RB83","vs. JAC","3 out of 5 stars"
"259","Marquez Valdes-Scantling",SF,"WR107","at NO","2 out of 5 stars"
"260","Dare Ogunbowale",HOU,"RB84","vs. TB","2 out of 5 stars"
"261","Trevor Etienne",CAR,"RB85","at ARI","3 out of 5 stars"
"262","Tyler Badie",DEN,"RB86","at IND","3 out of 5 stars"
"263","Jaydon Blue",DAL,"RB87","vs. NYG","4 out of 5 stars"
"264","Kyle Williams",NE,"WR108","at MIA","3 out of 5 stars"
"265","Jalen Royals",KC,"WR109","vs. PHI","2 out of 5 stars"
"266","Isaac Guerendo",SF,"RB88","at NO","4 out of 5 stars"
"267","Jarquez Hunter",LAR,"RB89","at TEN","3 out of 5 stars"
"268","Xavier Smith",LAR,"WR110","at TEN","3 out of 5 stars"
"269","Michael Mayer",LV,"TE36","vs. LAC","2 out of 5 stars"
"270","Keaton Mitchell",BAL,"RB90","vs. CLE","4 out of 5 stars"
"271","Jaleel McLaughlin",DEN,"RB91","at IND","3 out of 5 stars"
"272","Jalen Milroe",SEA,"QB35","at PIT","2 out of 5 stars"
"273","Raheem Mostert",LV,"RB92","vs. LAC","2 out of 5 stars"
"274","Jaylen Wright",MIA,"RB93","vs. NE","4 out of 5 stars"
"275","Emari Demercado",ARI,"RB94","vs. CAR","4 out of 5 stars"
"276","Tyler Higbee",LAR,"TE37","at TEN","3 out of 5 stars"
"277","Jordan James",SF,"RB95","at NO","4 out of 5 stars"
"278","Noah Gray",KC,"TE38","vs. PHI","2 out of 5 stars"
"279","Audric Estime",PHI,"RB96","at KC","2 out of 5 stars"
"280","AJ Barner",SEA,"TE39","at PIT","4 out of 5 stars"
"281","Will Dissly",LAC,"TE40","at LV","3 out of 5 stars"
"282","Davis Allen",LAR,"TE41","at TEN","3 out of 5 stars"
"283","Kimani Vidal",LAC,"RB97","at LV","4 out of 5 stars"
"284","Dawson Knox",BUF,"TE42","at NYJ","3 out of 5 stars"
"285","Jaylin Lane",WAS,"WR111","at GB","3 out of 5 stars"
"286","Luke Farrell",SF,"TE43","at NO","4 out of 5 stars"
"287","Austin Hooper",NE,"TE44","at MIA","2 out of 5 stars"
"288","Anthony Richardson Sr.",IND,"QB36","vs. DEN","2 out of 5 stars"
"289","Gunnar Helm",TEN,"TE45","vs. LAR","3 out of 5 stars"
"290","Tanner Conner",MIA,"TE46","vs. NE","3 out of 5 stars"
"291","Zay Jones",ARI,"WR112","vs. CAR","3 out of 5 stars"
"292","Adam Trautman",DEN,"TE47","at IND","4 out of 5 stars"
"293","Elijah Mitchell",KC,"RB98","vs. PHI","2 out of 5 stars"
"294","Tommy Tremble",CAR,"TE48","at ARI","2 out of 5 stars"
"295","Mack Hollins",NE,"WR113","at MIA","3 out of 5 stars"
"296","Jordan Whittington",LAR,"WR114","at TEN","3 out of 5 stars"
"297","Russell Gage Jr.",SF,"WR115","at NO","2 out of 5 stars"
"298","Julian Hill",MIA,"TE49","vs. NE","3 out of 5 stars"
"299","Charlie Kolar",BAL,"TE50","vs. CLE","3 out of 5 stars"
"300","Kalif Raymond",DET,"WR116","vs. CHI","3 out of 5 stars"
"301","Parker Washington",JAC,"WR117","at CIN","3 out of 5 stars"
"302","Elijah Moore",BUF,"WR118","at NYJ","3 out of 5 stars"
"303","Jeremy Ruckert",NYJ,"TE51","vs. BUF","3 out of 5 stars"
"304","Isaiah Bond",CLE,"WR119","at BAL","3 out of 5 stars"
"305","Greg Dortch",ARI,"WR120","vs. CAR","3 out of 5 stars"
"306","Luke Musgrave",GB,"TE52","vs. WAS","3 out of 5 stars"
"307","Kendrick Bourne",SF,"WR121","at NO","2 out of 5 stars"
"308","KeAndre Lambert-Smith",LAC,"WR122","at LV","3 out of 5 stars"
"309","Alec Ingold",MIA,"RB99","vs. NE","4 out of 5 stars"
"310","Lucas Krull",DEN,"TE53","at IND","4 out of 5 stars"
"311","Jamari Thrash",CLE,"WR123","at BAL","3 out of 5 stars"
"312","Daniel Bellinger",NYG,"TE54","at DAL","4 out of 5 stars"
"313","Tyler Johnson",NYJ,"WR124","vs. BUF","4 out of 5 stars"
"314","Grant Calcaterra",PHI,"TE55","at KC","3 out of 5 stars"
"315","Tre Turner",FA,"WR125","-","-"
"316","Justin Watson",HOU,"WR126","vs. TB","2 out of 5 stars"
"317","Josh Oliver",MIN,"TE56","vs. ATL","5 out of 5 stars"
"318","Elijah Higgins",ARI,"TE57","vs. CAR","3 out of 5 stars"
"319","Kalel Mullings",TEN,"RB100","vs. LAR","3 out of 5 stars"
"320","Isaiah Likely",BAL,"TE58","vs. CLE","3 out of 5 stars"
"321","Tez Johnson",TB,"WR127","at HOU","3 out of 5 stars"
"322","Mo Alie-Cox",IND,"TE59","vs. DEN","2 out of 5 stars"
"323","Tim Patrick",JAC,"WR128","at CIN","3 out of 5 stars"
"324","Darnell Washington",PIT,"TE60","vs. SEA","4 out of 5 stars"
"325","Terrance Ferguson",LAR,"TE61","at TEN","3 out of 5 stars"
"326","Luke Schoonmaker",DAL,"TE62","vs. NYG","3 out of 5 stars"
"327","Trent Sherfield Sr.",DEN,"WR129","at IND","4 out of 5 stars"
"328","Hunter Luepke",DAL,"RB101","vs. NYG","4 out of 5 stars"
"329","Tyler Shough",NO,"QB37","vs. SF","2 out of 5 stars"
"330","Harrison Bryant",HOU,"TE63","vs. TB","3 out of 5 stars"
"331","Ben Sinnott",WAS,"TE64","at GB","3 out of 5 stars"
"332","KhaDarel Hodge",ATL,"WR130","at MIN","3 out of 5 stars"
"333","Chimere Dike",TEN,"WR131","vs. LAR","3 out of 5 stars"
"334","Kylen Granson",PHI,"TE65","at KC","3 out of 5 stars"
"335","Luke McCaffrey",WAS,"WR132","at GB","3 out of 5 stars"
"336","Colby Parkinson",LAR,"TE66","at TEN","3 out of 5 stars"
"337","Drew Sample",CIN,"TE67","vs. JAC","4 out of 5 stars"
"338","Savion Williams",GB,"WR133","vs. WAS","2 out of 5 stars"
"339","Tip Reiman",ARI,"TE68","vs. CAR","3 out of 5 stars"
"340","Hassan Haskins",LAC,"RB102","at LV","4 out of 5 stars"
"341","Rasheen Ali",BAL,"RB103","vs. CLE","4 out of 5 stars"
"342","Arian Smith",NYJ,"WR134","vs. BUF","4 out of 5 stars"
"343","Tai Felton",MIN,"WR135","vs. ATL","4 out of 5 stars"
"344","Johnny Mundt",JAC,"TE69","at CIN","3 out of 5 stars"
"345","Payne Durham",TB,"TE70","at HOU","3 out of 5 stars"
"346","Zach Wilson",MIA,"QB38","vs. NE","4 out of 5 stars"
"347","Dee Eskridge",MIA,"WR136","vs. NE","4 out of 5 stars"
"348","Darren Waller",MIA,"TE71","vs. NE","3 out of 5 stars"
"349","Craig Reynolds",DET,"RB104","vs. CHI","3 out of 5 stars"
"350","Xavier Restrepo",TEN,"WR137","vs. LAR","3 out of 5 stars"
"351","John Bates",WAS,"TE72","at GB","3 out of 5 stars"
"352","David Moore",CAR,"WR138","at ARI","4 out of 5 stars"
"353","Charlie Woerner",ATL,"TE73","at MIN","3 out of 5 stars"
"354","Brock Wright",DET,"TE74","vs. CHI","3 out of 5 stars"
"355","Jimmy Garoppolo",LAR,"QB39","at TEN","3 out of 5 stars"
"356","Brevyn Spann-Ford",DAL,"TE75","vs. NYG","3 out of 5 stars"
"357","Stone Smartt",NYJ,"TE76","vs. BUF","3 out of 5 stars"
"358","Derius Davis",LAC,"WR139","at LV","3 out of 5 stars"
"359","Drew Ogletree",IND,"TE77","vs. DEN","2 out of 5 stars"
"360","John Metchie III",PHI,"WR140","at KC","4 out of 5 stars"
"361","Tylan Wallace",BAL,"WR141","vs. CLE","4 out of 5 stars"
"362","Dylan Laube",LV,"RB105","vs. LAC","2 out of 5 stars"
"363","Van Jefferson",TEN,"WR142","vs. LAR","3 out of 5 stars"
"364","Sincere McCormick",SF,"RB106","at NO","4 out of 5 stars"
"365","Mitchell Evans",CAR,"TE78","at ARI","2 out of 5 stars"
"366","Jalin Hyatt",NYG,"WR143","at DAL","3 out of 5 stars"
"367","Skyy Moore",SF,"WR144","at NO","2 out of 5 stars"
"368","Jackson Hawes",BUF,"TE79","at NYJ","3 out of 5 stars"
"369","John FitzPatrick",GB,"TE80","vs. WAS","3 out of 5 stars"
"370","Malik Heath",GB,"WR145","vs. WAS","2 out of 5 stars"
"371","Jack Stoll",NO,"TE81","vs. SF","4 out of 5 stars"
"372","Dillon Gabriel",CLE,"QB40","at BAL","3 out of 5 stars"
"373","Eric Saubert",SEA,"TE82","at PIT","4 out of 5 stars"
"374","Scotty Miller",PIT,"WR146","vs. SEA","3 out of 5 stars"
"375","Brycen Tremayne",CAR,"WR147","at ARI","4 out of 5 stars"
"376","Chris Manhertz",NYG,"TE83","at DAL","4 out of 5 stars"
"377","Chris Godwin Jr.",TB,"WR148","at HOU","3 out of 5 stars"
"378","Ian Thomas",LV,"TE84","vs. LAC","2 out of 5 stars"
"379","Curtis Samuel",BUF,"WR149","at NYJ","3 out of 5 stars"
"380","Joe Milton III",DAL,"QB41","vs. NYG","4 out of 5 stars"
"381","Ryan Miller",TB,"WR150","at HOU","3 out of 5 stars"
"382","Durham Smythe",CHI,"TE85","at DET","3 out of 5 stars"
"383","Kirk Cousins",ATL,"QB42","at MIN","2 out of 5 stars"
"384","Gabe Davis",BUF,"WR151","at NYJ","3 out of 5 stars"
"385","Jason Brownlee",KC,"WR152","vs. PHI","2 out of 5 stars"
"386","Moliki Matavao",NO,"TE86","vs. SF","4 out of 5 stars"
"387","Robbie Ouzts",SEA,"TE87","at PIT","4 out of 5 stars"
"388","Tyler Goodson",IND,"RB107","vs. DEN","2 out of 5 stars"
"389","Tyrod Taylor",NYJ,"QB43","vs. BUF","3 out of 5 stars"
"390","Jeff Wilson Jr.",MIA,"RB108","vs. NE","4 out of 5 stars"
"391","George Holani",SEA,"RB109","at PIT","4 out of 5 stars"
"392","Blake Whiteheart",CLE,"TE88","at BAL","3 out of 5 stars"
"393","Tyrell Shavers",BUF,"WR153","at NYJ","3 out of 5 stars"
"394","Jermaine Burton",CIN,"WR154","vs. JAC","4 out of 5 stars"
"395","Ashton Dulin",IND,"WR155","vs. DEN","3 out of 5 stars"
"396","Jake Bobo",SEA,"WR156","at PIT","2 out of 5 stars"
"397","Oronde Gadsden II",LAC,"TE89","at LV","3 out of 5 stars"
"398","Tanner Hudson",CIN,"TE90","vs. JAC","4 out of 5 stars"
"399","Ko Kieft",TB,"TE91","at HOU","3 out of 5 stars"
"400","Connor Heyward",PIT,"TE92","vs. SEA","4 out of 5 stars"
"401","Robert Tonyan",KC,"TE93","vs. PHI","2 out of 5 stars"
"402","Teagan Quitoriano",ATL,"TE94","at MIN","3 out of 5 stars"
"403","Shedeur Sanders",CLE,"QB44","at BAL","3 out of 5 stars"
"404","David Martin-Robinson",TEN,"TE95","vs. LAR","3 out of 5 stars"
"405","Shane Zylstra",DET,"TE96","vs. CHI","3 out of 5 stars"
"406","Mitchell Tinsley",CIN,"WR157","vs. JAC","4 out of 5 stars"
"407","Kenny Pickett",LV,"QB45","vs. LAC","3 out of 5 stars"
"408","Damien Martinez",SEA,"RB110","at PIT","4 out of 5 stars"
"409","Zaire Mitchell-Paden",BAL,"TE97","vs. CLE","3 out of 5 stars"
"410","Khalil Herbert",FA,"RB111","-","-"
"411","Allen Lazard",NYJ,"WR158","vs. BUF","4 out of 5 stars"
"412","Luke Lachey",HOU,"TE98","vs. TB","3 out of 5 stars"
"413","Mitchell Trubisky",BUF,"QB46","at NYJ","4 out of 5 stars"
"414","Andrew Beck",NYJ,"TE99","vs. BUF","3 out of 5 stars"
"415","Bryce Oliver",TEN,"WR159","vs. LAR","3 out of 5 stars"
"416","Malik Willis",GB,"QB47","vs. WAS","4 out of 5 stars"
"417","Jake Browning",CIN,"QB48","vs. JAC","5 out of 5 stars"
"418","Konata Mumpfield",LAR,"WR160","at TEN","3 out of 5 stars"
"419","Cooper Rush",BAL,"QB49","vs. CLE","4 out of 5 stars"
"420","Marcus Mariota",WAS,"QB50","at GB","3 out of 5 stars"
"421","Gardner Minshew II",KC,"QB51","vs. PHI","1 out of 5 stars"
"422","Jack Westover",NE,"TE100","at MIA","2 out of 5 stars"
"423","Player Name",FA,"WR161","-","-"
"424","Sam Howell",PHI,"QB52","at KC","2 out of 5 stars"
"425","Jarrett Stidham",DEN,"QB53","at IND","4 out of 5 stars"
"426","Mason Rudolph",PIT,"QB54","vs. SEA","2 out of 5 stars"
"427","Andy Dalton",CAR,"QB55","at ARI","3 out of 5 stars"
"428","Jacoby Brissett",ARI,"QB56","vs. CAR","5 out of 5 stars"
"429","Trey Lance",LAC,"QB57","at LV","3 out of 5 stars"
"430","Brandon Allen",TEN,"QB58","vs. LAR","3 out of 5 stars"
"431","Ben Yurosek",MIN,"TE101","vs. ATL","5 out of 5 stars"
"432","Nick Mullens",JAC,"QB59","at CIN","4 out of 5 stars"
"433","Nate Adkins",DEN,"TE102","at IND","4 out of 5 stars"
"434","Jared Wiley",KC,"TE103","vs. PHI","2 out of 5 stars"
"435","Tyson Bagent",CHI,"QB60","at DET","3 out of 5 stars"
"436","Brayden Willis",SF,"TE104","at NO","4 out of 5 stars"
"437","Nikko Remigio",KC,"WR162","vs. PHI","2 out of 5 stars"
"438","DeAndre Carter",CLE,"WR163","at BAL","3 out of 5 stars"
"439","Zack Moss",FA,"RB112","-","-"
"440","Cody White",SEA,"WR164","at PIT","2 out of 5 stars"
"441","Riley Leonard",IND,"QB61","vs. DEN","2 out of 5 stars"
"442","Beaux Collins",NYG,"WR165","at DAL","3 out of 5 stars"
"443","Colson Yankoff",WAS,"TE105","at GB","3 out of 5 stars"
"444","Donovan Edwards",WAS,"RB113","at GB","2 out of 5 stars"
"445","Darius Cooper",PHI,"WR166","at KC","4 out of 5 stars"
"446","Jimmy Horn Jr.",CAR,"WR167","at ARI","4 out of 5 stars"
"447","Jelani Woods",NYJ,"TE106","vs. BUF","3 out of 5 stars"
"448","Joshua Dobbs",NE,"QB62","at MIA","4 out of 5 stars"
"449","Davis Mills",HOU,"QB63","vs. TB","4 out of 5 stars"
"450","Travis Vokolek",ARI,"TE107","vs. CAR","3 out of 5 stars"
"451","Xavier Weaver",ARI,"WR168","vs. CAR","3 out of 5 stars"
"452","Cody Schrader",JAC,"RB114","at CIN","4 out of 5 stars"
"453","Charlie Jones",CIN,"WR169","vs. JAC","4 out of 5 stars"
"454","Reggie Gilliam",BUF,"RB115","at NYJ","2 out of 5 stars"
"455","Ulysses Bentley IV",IND,"RB116","vs. DEN","2 out of 5 stars"
"456","Kameron Johnson",TB,"WR170","at HOU","3 out of 5 stars"
"457","Carlos Washington Jr.",ATL,"RB117","at MIN","2 out of 5 stars"
"458","Quinn Ewers",MIA,"QB64","vs. NE","4 out of 5 stars"
"459","Trey Sermon",PIT,"RB118","vs. SEA","3 out of 5 stars"
"460","Jordan Watkins",SF,"WR171","at NO","2 out of 5 stars"
"461","Diontae Johnson",FA,"WR172","-","-"
"462","Alex Bachman",LV,"WR173","vs. LAC","3 out of 5 stars"
"463","LaJohntay Wester",BAL,"WR174","vs. CLE","4 out of 5 stars"
"464","Tim Jones",MIN,"WR175","vs. ATL","4 out of 5 stars"
"465","Devontez Walker",BAL,"WR176","vs. CLE","4 out of 5 stars"
"466","Hendon Hooker",CAR,"QB65","at ARI","3 out of 5 stars"
"467","Chris Moore",WAS,"WR177","at GB","3 out of 5 stars"
"468","Benjamin Yurosek",FA,"TE108","-","-"
"469","Taysom Hill",NO,"TE109","vs. SF","4 out of 5 stars"
"470","Adam Prentice",DEN,"RB119","at IND","3 out of 5 stars"
"471","Cam Grandy",CIN,"TE110","vs. JAC","4 out of 5 stars"
"472","Tanner McKee",PHI,"QB66","at KC","2 out of 5 stars"
"473","Javon Baker",PHI,"WR178","at KC","4 out of 5 stars"
"474","Jordan Franks",FA,"TE111","-","-"
"475","Devin Culp",TB,"TE112","at HOU","3 out of 5 stars"
"476","Seth Henigan",JAC,"QB67","at CIN","4 out of 5 stars"
"477","Patrick Ricard",BAL,"RB120","vs. CLE","4 out of 5 stars"
"478","Stetson Bennett IV",LAR,"QB68","at TEN","3 out of 5 stars"
"479","Ryan Flournoy",DAL,"WR179","vs. NYG","4 out of 5 stars"
"480","Brandon Aiyuk",SF,"WR180","at NO","2 out of 5 stars"
"481","D'Ernest Johnson",BAL,"RB121","vs. CLE","4 out of 5 stars"
"482","Nathan Carter",ATL,"RB122","at MIN","2 out of 5 stars"
"483","Drew Lock",SEA,"QB69","at PIT","2 out of 5 stars"
"484","Sione Vaki",DET,"RB123","vs. CHI","3 out of 5 stars"
"485","Lucas Scott",BAL,"RB124","vs. CLE","4 out of 5 stars"
"486","Teddy Bridgewater",TB,"QB70","at HOU","2 out of 5 stars"
"487","Jamal Agnew",ATL,"WR181","at MIN","3 out of 5 stars"
"488","Demarcus Robinson",SF,"WR182","at NO","2 out of 5 stars"
"489","Theo Wease Jr.",MIA,"WR183","vs. NE","4 out of 5 stars"
"490","Gus Edwards",FA,"RB125","-","-"
"491","Pierre Strong Jr.",GB,"RB126","vs. WAS","4 out of 5 stars"
"492","Pharaoh Brown",FA,"TE113","-","-"
"493","Bryson Nesbit",MIN,"TE114","vs. ATL","5 out of 5 stars"
"494","Chris Collier",LV,"RB127","vs. LAC","2 out of 5 stars"
"495","Nick Vannett",MIN,"TE115","vs. ATL","5 out of 5 stars"
"496","Dominic Lovett",DET,"WR184","vs. CHI","3 out of 5 stars"
"497","C.J. Ham",MIN,"RB128","vs. ATL","2 out of 5 stars"
"498","Malachi Corley",CLE,"WR185","at BAL","3 out of 5 stars"
"499","Jordan Mims",TEN,"RB129","vs. LAR","3 out of 5 stars"
"500","Samkon Gado",TEN,"RB130","vs. LAR","3 out of 5 stars"
"501","James Dearth",NYJ,"TE116","vs. BUF","3 out of 5 stars"
"502","Thomas Fidone II",NYG,"TE117","at DAL","4 out of 5 stars"
"503","Mason Tipton",NO,"WR186","vs. SF","4 out of 5 stars"
"504","Treyton Welch",NO,"TE118","vs. SF","4 out of 5 stars"
"505","Kyle Trask",FA,"QB71","-","-"
"506","Darnell Dinkins",NO,"TE119","vs. SF","4 out of 5 stars"
"507","Blaine Gabbert",FA,"QB72","-","-"
"508","Myles Price",MIN,"WR187","vs. ATL","4 out of 5 stars"
"509","Taylor Heinicke",FA,"QB73","-","-"
"510","Trevor Wood",FA,"TE120","-","-"
"511","Desmond Ridder",FA,"QB74","-","-"
"512","Ja'Quinden Jackson",JAC,"RB131","at CIN","4 out of 5 stars"
"513","Will Mallory",IND,"TE121","vs. DEN","2 out of 5 stars"
"514","Josh Whyle",GB,"TE122","vs. WAS","3 out of 5 stars"
"515","Kurtis Rourke",SF,"QB75","at NO","2 out of 5 stars"
"516","Zach Horton",DET,"TE123","vs. CHI","3 out of 5 stars"
"517","Dominique Curry",DET,"TE124","vs. CHI","3 out of 5 stars"
"518","Collin Hill",FA,"QB76","-","-"
"519","Devin Leary",FA,"QB77","-","-"
"520","Hunter Dekkers",NO,"QB78","vs. SF","2 out of 5 stars"
"521","Jake Haener",NO,"QB79","vs. SF","2 out of 5 stars"
"522","Max Brosmer",MIN,"QB80","vs. ATL","4 out of 5 stars"
"523","Michael Pratt",FA,"QB81","-","-"
"524","Jacob Saylors",DET,"RB132","vs. CHI","3 out of 5 stars"
"525","Jahdae Walker",CHI,"WR188","at DET","2 out of 5 stars"
"526","Jakob Johnson",HOU,"RB133","vs. TB","2 out of 5 stars"
"527","Chris Oladokun",KC,"QB82","vs. PHI","1 out of 5 stars"
"528","Sam Ehlinger",DEN,"QB83","at IND","4 out of 5 stars"
"529","Hunter Cantwell",BAL,"QB84","vs. CLE","4 out of 5 stars"
"530","Tyler Huntley",BAL,"QB85","vs. CLE","4 out of 5 stars"
"531","Dareke Young",SEA,"WR189","at PIT","2 out of 5 stars"
"532","Anthony Gould",IND,"WR190","vs. DEN","3 out of 5 stars"
"533","Trevor Siemian",TEN,"QB86","vs. LAR","3 out of 5 stars"
"534","Brett Rypien",CIN,"QB87","vs. JAC","5 out of 5 stars"
"535","Clayton Tune",GB,"QB88","vs. WAS","4 out of 5 stars"
"536","Kedon Slovis",ARI,"QB89","vs. CAR","5 out of 5 stars"
"537","Jameis Winston",NYG,"QB90","at DAL","3 out of 5 stars"
"538","Devin Duvernay",CHI,"WR191","at DET","2 out of 5 stars"
"539","Braxton Berrios",HOU,"WR192","vs. TB","2 out of 5 stars"
"540","Sam Hartman",WAS,"QB91","at GB","3 out of 5 stars"
"541","Tahj Washington",MIA,"WR193","vs. NE","4 out of 5 stars"
"542","Ben Chappell",WAS,"QB92","at GB","3 out of 5 stars"
"543","Foster Moreau",NO,"TE125","vs. SF","4 out of 5 stars"
"544","David Sills V",ATL,"WR194","at MIN","3 out of 5 stars"
"545","Connor Bazelak",TB,"QB93","at HOU","2 out of 5 stars"
"546","Xavier Gipson",NYG,"WR195","at DAL","3 out of 5 stars"
"547","Carson Wentz",MIN,"QB94","vs. ATL","4 out of 5 stars"
"548","Brett Smith",TB,"QB95","at HOU","2 out of 5 stars"
"549","Greg Dulcich",MIA,"TE126","vs. NE","3 out of 5 stars"
"550","JaMycal Hasty",MIA,"RB134","vs. NE","4 out of 5 stars"
"551","Gunner Olszewski",NYG,"WR196","at DAL","3 out of 5 stars"
"552","Simi Fehoko",ARI,"WR197","vs. CAR","3 out of 5 stars"
"553","Case Keenum",CHI,"QB96","at DET","3 out of 5 stars"
"554","Justin Shorter",LV,"WR198","vs. LAC","3 out of 5 stars"
"555","Brenden Bates",CLE,"TE127","at BAL","3 out of 5 stars"
"556","Kyle Allen",DET,"QB97","vs. CHI","2 out of 5 stars"
"557","DJ Uiagalelei",LAC,"QB98","at LV","3 out of 5 stars"
"558","Adrian Martinez",SF,"QB99","at NO","2 out of 5 stars"
"559","British Brooks",HOU,"RB135","vs. TB","2 out of 5 stars"
"560","Ross Dwelley",FA,"TE128","-","-"
"561","Amar Johnson",LAC,"RB136","at LV","4 out of 5 stars"
"562","J.P. Foschi",CIN,"TE129","vs. JAC","4 out of 5 stars"
"563","Kene Nwangwu",NYJ,"RB137","vs. BUF","4 out of 5 stars"
"564","Tim Flanders",NO,"RB138","vs. SF","4 out of 5 stars"
"565","Brittain Brown",CHI,"RB139","at DET","3 out of 5 stars"
"566","Willie Carter",CHI,"RB140","at DET","3 out of 5 stars"
"567","Montrell Johnson Jr.",FA,"RB141","-","-"
"568","Travis Homer",CHI,"RB142","at DET","3 out of 5 stars"
"569","Josiah Deguara",ARI,"TE130","vs. CAR","3 out of 5 stars"
"570","Xazavian Valladay",MIN,"RB143","vs. ATL","2 out of 5 stars"
"571","Isaiah Williams",NYJ,"WR199","vs. BUF","4 out of 5 stars"
"572","Gerald Everett",FA,"TE131","-","-"
"573","Zonovan Knight",ARI,"RB144","vs. CAR","4 out of 5 stars"
"574","Terrell Jennings",NE,"RB145","at MIA","4 out of 5 stars"
"575","Garrett Mills",NE,"RB146","at MIA","4 out of 5 stars"
"576","Josh Williams",TB,"RB147","at HOU","2 out of 5 stars"
"577","Justin Johnson",FA,"TE132","-","-"
"578","Velus Jones Jr.",NO,"WR200","vs. SF","4 out of 5 stars"
"579","DeeJay Dallas",CAR,"RB148","at ARI","3 out of 5 stars"
"580","Dantrell Savage",CAR,"RB149","at ARI","3 out of 5 stars"
"581","Chad Simpson",WAS,"RB150","at GB","2 out of 5 stars"
"582","Anthony Alridge",WAS,"RB151","at GB","2 out of 5 stars"
"583","Tre Watson",KC,"TE133","vs. PHI","2 out of 5 stars"
"584","Brad Cottam",KC,"TE134","vs. PHI","2 out of 5 stars"
"585","Deuce Vaughn",DEN,"RB152","at IND","3 out of 5 stars"
"586","Brennan Clay",FA,"RB153","-","-"
"587","Efton Chism III",NE,"WR201","at MIA","3 out of 5 stars"
"588","James Winchester",KC,"TE135","vs. PHI","2 out of 5 stars"
"589","Patrick Murtagh",DEN,"TE136","at IND","4 out of 5 stars"
"590","Caleb Lohner",DEN,"TE137","at IND","4 out of 5 stars"
"591","Frank Gore Jr.",BUF,"RB154","at NYJ","2 out of 5 stars"
"592","Brady Russell",SEA,"TE138","at PIT","4 out of 5 stars"
"593","Nick Kallerup",SEA,"TE139","at PIT","4 out of 5 stars"
"594","Sean McKeon",IND,"TE140","vs. DEN","2 out of 5 stars"
"595","Maximilian Mang",IND,"TE141","vs. DEN","2 out of 5 stars"
"596","Justin Snow",IND,"TE142","vs. DEN","2 out of 5 stars"
"597","Ainias Smith",CAR,"WR202","at ARI","4 out of 5 stars"
"598","Lucky Jackson",MIN,"WR203","vs. ATL","4 out of 5 stars"
"599","Trey Palmer",NO,"WR204","vs. SF","4 out of 5 stars"
"600","Jonathan Mingo",DAL,"WR205","vs. NYG","4 out of 5 stars"
"601","Chris Blair",ATL,"WR206","at MIN","3 out of 5 stars"
"602","Cedrick Wilson Jr.",NO,"WR207","vs. SF","4 out of 5 stars"
"603","Jackson Meeks",DET,"WR208","vs. CHI","3 out of 5 stars"
"604","Nelson Agholor",FA,"WR209","-","-"
"605","Kaden Prather",FA,"WR210","-","-"
"606","Laviska Shenault Jr.",FA,"WR211","-","-"
"607","Robert Woods",FA,"WR212","-","-"
"608","Trenton Irwin",FA,"WR213","-","-"
"609","Jalen Reagor",FA,"WR214","-","-"
"610","Michael Woods II",FA,"WR215","-","-"
"611","Mike Boone",FA,"RB155","-","-"
"612","Brandon Powell",FA,"WR216","-","-"
"613","Daurice Fountain",FA,"WR217","-","-"
"614","James Proche II",TEN,"WR218","vs. LAR","3 out of 5 stars"
"615","Lil'Jordan Humphrey",NYG,"WR219","at DAL","3 out of 5 stars"
"616","Tru Edwards",LAR,"WR220","at TEN","3 out of 5 stars"
"617","Tyler Kahmann",FA,"WR221","-","-"
"618","Marcus Kemp",FA,"WR222","-","-"
"619","Quez Watkins",FA,"WR223","-","-"
"620","Jase McClellan",FA,"RB156","-","-"
"621","Gary Brightwell",CIN,"RB157","vs. JAC","3 out of 5 stars"
"622","Kendall Milton",CIN,"RB158","vs. JAC","3 out of 5 stars"