"RK","PLAYER NAME",TEAM,"POS","SOS SEASON","SOS PLAYOFFS","ECR VS. ADP"
"1","Bijan Robinson",ATL,"RB1","2 out of 5 stars","2 out of 5 stars","+1"
"2","Christian McCaffrey",SF,"RB2","3 out of 5 stars","3 out of 5 stars","+5"
"3","Jahmyr Gibbs",DET,"RB3","3 out of 5 stars","2 out of 5 stars","+1"
"4","Jonathan Taylor",IND,"RB4","3 out of 5 stars","3 out of 5 stars","+14"
"5","Jaxon Smith-Njigba",SEA,"WR1","3 out of 5 stars","4 out of 5 stars","+28"
"6","Amon-Ra St. Brown",DET,"WR2","3 out of 5 stars","3 out of 5 stars","+3"
"7","Puka Nacua",LAR,"WR3","4 out of 5 stars","4 out of 5 stars","+5"
"8","Ja'Marr Chase",CIN,"WR4","3 out of 5 stars","3 out of 5 stars","-7"
"9","Justin Jefferson",MIN,"WR5","4 out of 5 stars","5 out of 5 stars","-3"
"10","De'Von Achane",MIA,"RB5","3 out of 5 stars","2 out of 5 stars","+4"
"11","CeeDee Lamb",DAL,"WR6","2 out of 5 stars","3 out of 5 stars","-6"
"12","Drake London",ATL,"WR7","4 out of 5 stars","3 out of 5 stars","+5"
"13","Nico Collins",HOU,"WR8","3 out of 5 stars","2 out of 5 stars","0"
"14","Saquon Barkley",PHI,"RB6","3 out of 5 stars","3 out of 5 stars","-11"
"15","James Cook III",BUF,"RB7","3 out of 5 stars","2 out of 5 stars","+13"
"16","Josh Jacobs",GB,"RB8","4 out of 5 stars","4 out of 5 stars","0"
"17","Ashton Jeanty",LV,"RB9","4 out of 5 stars","4 out of 5 stars","-6"
"18","Derrick Henry",BAL,"RB10","3 out of 5 stars","2 out of 5 stars","-8"
"19","Kyren Williams",LAR,"RB11","2 out of 5 stars","2 out of 5 stars","+6"
"20","Davante Adams",LAR,"WR9","4 out of 5 stars","4 out of 5 stars","+22"
"21","Josh Allen",BUF,"QB1","3 out of 5 stars","2 out of 5 stars","-1"
"22","Rome Odunze",CHI,"WR10","3 out of 5 stars","3 out of 5 stars","+55"
"23","Garrett Wilson",NYJ,"WR11","4 out of 5 stars","4 out of 5 stars","+18"
"24","Javonte Williams",DAL,"RB12","3 out of 5 stars","3 out of 5 stars","+83"
"25","Trey McBride",ARI,"TE1","2 out of 5 stars","2 out of 5 stars","+2"
"26","Lamar Jackson",BAL,"QB2","4 out of 5 stars","4 out of 5 stars","-3"
"27","Brian Thomas Jr.",JAC,"WR12","3 out of 5 stars","2 out of 5 stars","-12"
"28","Tetairoa McMillan",CAR,"WR13","4 out of 5 stars","4 out of 5 stars","+28"
"29","Jalen Hurts",PHI,"QB3","3 out of 5 stars","3 out of 5 stars","+5"
"30","George Pickens",DAL,"WR14","2 out of 5 stars","3 out of 5 stars","+38"
"31","Bucky Irving",TB,"RB13","3 out of 5 stars","3 out of 5 stars","-7"
"32","Courtland Sutton",DEN,"WR15","3 out of 5 stars","2 out of 5 stars","+19"
"33","Breece Hall",NYJ,"RB14","3 out of 5 stars","3 out of 5 stars","+5"
"34","Rashee Rice",KC,"WR16","3 out of 5 stars","2 out of 5 stars","+37"
"35","A.J. Brown",PHI,"WR17","3 out of 5 stars","3 out of 5 stars","-14"
"36","Ladd McConkey",LAC,"WR18","2 out of 5 stars","4 out of 5 stars","-10"
"37","Jaylen Waddle",MIA,"WR19","3 out of 5 stars","3 out of 5 stars","+35"
"38","Jayden Daniels",WAS,"QB4","3 out of 5 stars","3 out of 5 stars","-9"
"39","Emeka Egbuka",TB,"WR20","5 out of 5 stars","3 out of 5 stars","+43"
"40","Zay Flowers",BAL,"WR21","3 out of 5 stars","3 out of 5 stars","+21"
"41","Tyler Warren",IND,"TE2","2 out of 5 stars","3 out of 5 stars","+46"
"42","Cam Skattebo",NYG,"RB15","3 out of 5 stars","3 out of 5 stars","+55"
"43","Travis Etienne Jr.",JAC,"RB16","3 out of 5 stars","3 out of 5 stars","+49"
"44","Quinshon Judkins",CLE,"RB17","4 out of 5 stars","3 out of 5 stars","+74"
"45","Patrick Mahomes II",KC,"QB5","3 out of 5 stars","2 out of 5 stars","+4"
"46","Kenneth Walker III",SEA,"RB18","2 out of 5 stars","2 out of 5 stars","-3"
"47","DK Metcalf",PIT,"WR22","4 out of 5 stars","4 out of 5 stars","+1"
"48","Mike Evans",TB,"WR23","5 out of 5 stars","3 out of 5 stars","-8"
"49","Ricky Pearsall",SF,"WR24","3 out of 5 stars","4 out of 5 stars","+36"
"50","Michael Pittman Jr.",IND,"WR25","2 out of 5 stars","3 out of 5 stars","+58"
"51","Marvin Harrison Jr.",ARI,"WR26","3 out of 5 stars","3 out of 5 stars","-7"
"52","Brock Bowers",LV,"TE3","3 out of 5 stars","1 out of 5 stars","-33"
"53","Alvin Kamara",NO,"RB19","3 out of 5 stars","4 out of 5 stars","-17"
"54","DeVonta Smith",PHI,"WR27","3 out of 5 stars","3 out of 5 stars","+1"
"55","Quentin Johnston",LAC,"WR28","2 out of 5 stars","4 out of 5 stars","+167"
"56","Keenan Allen",LAC,"WR29","2 out of 5 stars","4 out of 5 stars","+90"
"57","Drake Maye",NE,"QB6","2 out of 5 stars","3 out of 5 stars","+66"
"58","Xavier Worthy",KC,"WR30","3 out of 5 stars","2 out of 5 stars","-5"
"59","Stefon Diggs",NE,"WR31","2 out of 5 stars","3 out of 5 stars","+27"
"60","J.K. Dobbins",DEN,"RB20","4 out of 5 stars","3 out of 5 stars","+38"
"61","Chris Olave",NO,"WR32","3 out of 5 stars","3 out of 5 stars","+17"
"62","Tee Higgins",CIN,"WR33","3 out of 5 stars","3 out of 5 stars","-32"
"63","Terry McLaurin",WAS,"WR34","4 out of 5 stars","3 out of 5 stars","-24"
"64","Jameson Williams",DET,"WR35","3 out of 5 stars","3 out of 5 stars","-7"
"65","Deebo Samuel Sr.",WAS,"WR36","4 out of 5 stars","3 out of 5 stars","+14"
"66","Omarion Hampton",LAC,"RB21","4 out of 5 stars","4 out of 5 stars","-31"
"67","Baker Mayfield",TB,"QB7","4 out of 5 stars","3 out of 5 stars","-5"
"68","Dak Prescott",DAL,"QB8","2 out of 5 stars","3 out of 5 stars","+26"
"69","Jakobi Meyers",LV,"WR37","2 out of 5 stars","2 out of 5 stars","+19"
"70","Justin Herbert",LAC,"QB9","2 out of 5 stars","3 out of 5 stars","+40"
"71","DJ Moore",CHI,"WR38","3 out of 5 stars","3 out of 5 stars","-21"
"72","Jordan Addison",MIN,"WR39","4 out of 5 stars","5 out of 5 stars","+19"
"73","Jordan Mason",MIN,"RB22","3 out of 5 stars","4 out of 5 stars","+22"
"74","D'Andre Swift",CHI,"RB23","3 out of 5 stars","2 out of 5 stars","-20"
"75","Wan'Dale Robinson",NYG,"WR40","3 out of 5 stars","3 out of 5 stars","+108"
"76","Jauan Jennings",SF,"WR41","3 out of 5 stars","4 out of 5 stars","+28"
"77","Jacory Croskey-Merritt",WAS,"RB24","5 out of 5 stars","4 out of 5 stars","+19"
"78","Jaylen Warren",PIT,"RB25","3 out of 5 stars","3 out of 5 stars","+6"
"79","George Kittle",SF,"TE4","2 out of 5 stars","4 out of 5 stars","-42"
"80","Tony Pollard",TEN,"RB26","2 out of 5 stars","3 out of 5 stars","-14"
"81","Jake Ferguson",DAL,"TE5","3 out of 5 stars","3 out of 5 stars","+55"
"82","Tucker Kraft",GB,"TE6","3 out of 5 stars","4 out of 5 stars","+24"
"83","Khalil Shakir",BUF,"WR42","3 out of 5 stars","3 out of 5 stars","+18"
"84","Caleb Williams",CHI,"QB10","3 out of 5 stars","2 out of 5 stars","+35"
"85","Chase Brown",CIN,"RB27","4 out of 5 stars","4 out of 5 stars","-63"
"86","Jerry Jeudy",CLE,"WR43","3 out of 5 stars","3 out of 5 stars","-12"
"87","Chuba Hubbard",CAR,"RB28","2 out of 5 stars","3 out of 5 stars","-41"
"88","David Montgomery",DET,"RB29","3 out of 5 stars","2 out of 5 stars","-30"
"89","Matthew Golden",GB,"WR44","2 out of 5 stars","2 out of 5 stars","0"
"90","Josh Downs",IND,"WR45","2 out of 5 stars","3 out of 5 stars","+31"
"91","Sam LaPorta",DET,"TE7","2 out of 5 stars","3 out of 5 stars","-39"
"92","Calvin Ridley",TEN,"WR46","4 out of 5 stars","4 out of 5 stars","-27"
"93","Keon Coleman",BUF,"WR47","3 out of 5 stars","3 out of 5 stars","+23"
"94","Travis Hunter",JAC,"WR48","3 out of 5 stars","2 out of 5 stars","-25"
"95","Romeo Doubs",GB,"WR49","2 out of 5 stars","2 out of 5 stars","+97"
"96","Daniel Jones",IND,"QB11","1 out of 5 stars","3 out of 5 stars","+165"
"97","Elic Ayomanor",TEN,"WR50","4 out of 5 stars","4 out of 5 stars","+156"
"98","Travis Kelce",KC,"TE8","4 out of 5 stars","4 out of 5 stars","-35"
"99","Darnell Mooney",ATL,"WR51","4 out of 5 stars","3 out of 5 stars","+38"
"100","Jordan Love",GB,"QB12","3 out of 5 stars","4 out of 5 stars","+33"
"101","Chris Godwin Jr.",TB,"WR52","5 out of 5 stars","3 out of 5 stars","+1"
"102","Troy Franklin",DEN,"WR53","3 out of 5 stars","2 out of 5 stars","+171"
"103","Justin Fields",NYJ,"QB13","4 out of 5 stars","4 out of 5 stars","+11"
"104","Rashid Shaheed",NO,"WR54","3 out of 5 stars","3 out of 5 stars","+38"
"105","TreVeyon Henderson",NE,"RB30","4 out of 5 stars","4 out of 5 stars","-60"
"106","Bo Nix",DEN,"QB14","2 out of 5 stars","2 out of 5 stars","-36"
"107","Jared Goff",DET,"QB15","3 out of 5 stars","3 out of 5 stars","-7"
"108","RJ Harvey",DEN,"RB31","4 out of 5 stars","3 out of 5 stars","-49"
"109","Matthew Stafford",LAR,"QB16","3 out of 5 stars","2 out of 5 stars","+70"
"110","Hunter Henry",NE,"TE9","3 out of 5 stars","4 out of 5 stars","+50"
"111","Cooper Kupp",SEA,"WR55","3 out of 5 stars","4 out of 5 stars","-21"
"112","Brock Purdy",SF,"QB17","2 out of 5 stars","4 out of 5 stars","-19"
"113","Dalton Kincaid",BUF,"TE10","4 out of 5 stars","3 out of 5 stars","+12"
"114","Kyler Murray",ARI,"QB18","3 out of 5 stars","2 out of 5 stars","-31"
"115","Dallas Goedert",PHI,"TE11","3 out of 5 stars","3 out of 5 stars","+25"
"116","T.J. Hockenson",MIN,"TE12","3 out of 5 stars","3 out of 5 stars","-52"
"117","Jaxson Dart",NYG,"QB19","3 out of 5 stars","3 out of 5 stars","+127"
"118","Trevor Lawrence",JAC,"QB20","2 out of 5 stars","2 out of 5 stars","+40"
"119","Kyle Pitts Sr.",ATL,"TE13","4 out of 5 stars","3 out of 5 stars","+13"
"120","Christian Kirk",HOU,"WR56","3 out of 5 stars","2 out of 5 stars","+29"
"121","Luther Burden III",CHI,"WR57","3 out of 5 stars","3 out of 5 stars","+54"
"122","Kayshon Boutte",NE,"WR58","2 out of 5 stars","3 out of 5 stars","+167"
"123","Sam Darnold",SEA,"QB21","3 out of 5 stars","4 out of 5 stars","+89"
"124","Marquise Brown",KC,"WR59","3 out of 5 stars","2 out of 5 stars","+42"
"125","Harold Fannin Jr.",CLE,"TE14","4 out of 5 stars","4 out of 5 stars","+134"
"126","C.J. Stroud",HOU,"QB22","2 out of 5 stars","1 out of 5 stars","+1"
"127","Zach Charbonnet",SEA,"RB32","2 out of 5 stars","2 out of 5 stars","-22"
"128","David Njoku",CLE,"TE15","4 out of 5 stars","4 out of 5 stars","-48"
"129","Rico Dowdle",CAR,"RB33","2 out of 5 stars","3 out of 5 stars","+76"
"130","Zach Ertz",WAS,"TE16","3 out of 5 stars","2 out of 5 stars","+23"
"131","Jalen Coker",CAR,"WR60","4 out of 5 stars","4 out of 5 stars","+129"
"132","Mason Taylor",NYJ,"TE17","4 out of 5 stars","3 out of 5 stars","+109"
"133","Isiah Pacheco",KC,"RB34","4 out of 5 stars","4 out of 5 stars","-73"
"134","Brandon Aiyuk",SF,"WR61","3 out of 5 stars","4 out of 5 stars","+13"
"135","Rashod Bateman",BAL,"WR62","3 out of 5 stars","3 out of 5 stars","+35"
"136","Juwan Johnson",NO,"TE18","3 out of 5 stars","4 out of 5 stars","+162"
"137","Michael Penix Jr.",ATL,"QB23","5 out of 5 stars","4 out of 5 stars","+44"
"138","Mark Andrews",BAL,"TE19","4 out of 5 stars","3 out of 5 stars","-65"
"139","Marvin Mims Jr.",DEN,"WR63","3 out of 5 stars","2 out of 5 stars","+12"
"140","Rachaad White",TB,"RB35","3 out of 5 stars","3 out of 5 stars","+3"
"141","Aaron Jones Sr.",MIN,"RB36","3 out of 5 stars","4 out of 5 stars","-74"
"142","Rhamondre Stevenson",NE,"RB37","4 out of 5 stars","4 out of 5 stars","-31"
"143","Woody Marks",HOU,"RB38","3 out of 5 stars","2 out of 5 stars","+94"
"144","Darius Slayton",NYG,"WR64","3 out of 5 stars","3 out of 5 stars","+125"
"145","Darren Waller",MIA,"TE20","3 out of 5 stars","4 out of 5 stars","+48"
"146","Evan Engram",DEN,"TE21","3 out of 5 stars","3 out of 5 stars","-65"
"147","Jayden Higgins",HOU,"WR65","3 out of 5 stars","2 out of 5 stars","+3"
"148","Denver Broncos",DEN,"DST1","2 out of 5 stars","1 out of 5 stars","-49"
"149","Trey Benson",ARI,"RB39","2 out of 5 stars","3 out of 5 stars","+5"
"150","Bryce Young",CAR,"QB24","3 out of 5 stars","5 out of 5 stars","+32"
"151","Theo Johnson",NYG,"TE22","2 out of 5 stars","3 out of 5 stars","+148"
"152","Cade Otton",TB,"TE23","3 out of 5 stars","3 out of 5 stars","+63"
"153","Tre Tucker",LV,"WR66","2 out of 5 stars","2 out of 5 stars","+205"
"154","Tory Horton",SEA,"WR67","3 out of 5 stars","4 out of 5 stars","+101"
"155","Colston Loveland",CHI,"TE24","3 out of 5 stars","3 out of 5 stars","-42"
"156","Chig Okonkwo",TEN,"TE25","4 out of 5 stars","3 out of 5 stars","+74"
"157","Tua Tagovailoa",MIA,"QB25","4 out of 5 stars","5 out of 5 stars","+17"
"158","Nick Chubb",HOU,"RB40","3 out of 5 stars","2 out of 5 stars","-36"
"159","Bhayshul Tuten",JAC,"RB41","3 out of 5 stars","3 out of 5 stars","-11"
"160","Jonnu Smith",PIT,"TE26","4 out of 5 stars","3 out of 5 stars","-8"
"161","Isaiah Likely",BAL,"TE27","4 out of 5 stars","3 out of 5 stars","+25"
"162","Geno Smith",LV,"QB26","1 out of 5 stars","1 out of 5 stars","+29"
"163","Brenton Strange",JAC,"TE28","4 out of 5 stars","4 out of 5 stars","+26"
"164","Philadelphia Eagles",PHI,"DST2","2 out of 5 stars","3 out of 5 stars","-52"
"165","Dalton Schultz",HOU,"TE29","4 out of 5 stars","4 out of 5 stars","+64"
"166","Minnesota Vikings",MIN,"DST3","0 out of 5 stars","2 out of 5 stars","-25"
"167","J.J. McCarthy",MIN,"QB27","4 out of 5 stars","4 out of 5 stars","-22"
"168","Joshua Palmer",BUF,"WR68","3 out of 5 stars","3 out of 5 stars","+63"
"169","Brian Robinson Jr.",SF,"RB42","3 out of 5 stars","3 out of 5 stars","-49"
"170","Tyler Allgeier",ATL,"RB43","2 out of 5 stars","2 out of 5 stars","-5"
"171","Pittsburgh Steelers",PIT,"DST4","3 out of 5 stars","3 out of 5 stars","-42"
"172","Isaac TeSlaa",DET,"WR69","3 out of 5 stars","3 out of 5 stars","+44"
"173","Kenneth Gainwell",PIT,"RB44","3 out of 5 stars","3 out of 5 stars","+152"
"174","Green Bay Packers",GB,"DST5","3 out of 5 stars","1 out of 5 stars","-17"
"175","Houston Texans",HOU,"DST6","3 out of 5 stars","5 out of 5 stars","-37"
"176","Cedric Tillman",CLE,"WR70","3 out of 5 stars","3 out of 5 stars","+14"
"177","Brandon Aubrey",DAL,"K1","4 out of 5 stars","3 out of 5 stars","-74"
"178","Buffalo Bills",BUF,"DST7","4 out of 5 stars","4 out of 5 stars","-44"
"179","Ollie Gordon II",MIA,"RB45","3 out of 5 stars","2 out of 5 stars","-20"
"180","Tyjae Spears",TEN,"RB46","2 out of 5 stars","3 out of 5 stars","0"
"181","Blake Corum",LAR,"RB47","2 out of 5 stars","2 out of 5 stars","+54"
"182","Seattle Seahawks",SEA,"DST8","4 out of 5 stars","3 out of 5 stars","+5"
"183","Pat Freiermuth",PIT,"TE30","4 out of 5 stars","3 out of 5 stars","+27"
"184","Dontayvion Wicks",GB,"WR71","2 out of 5 stars","2 out of 5 stars","+102"
"185","DeMario Douglas",NE,"WR72","2 out of 5 stars","3 out of 5 stars","+10"
"186","Kimani Vidal",LAC,"RB48","4 out of 5 stars","4 out of 5 stars","+526"
"187","Cameron Dicker",LAC,"K2","2 out of 5 stars","3 out of 5 stars","-59"
"188","Jake Bates",DET,"K3","4 out of 5 stars","3 out of 5 stars","-62"
"189","Malik Washington",MIA,"WR73","3 out of 5 stars","3 out of 5 stars","+138"
"190","Jayden Reed",GB,"WR74","2 out of 5 stars","2 out of 5 stars","-66"
"191","Elijah Arroyo",SEA,"TE31","2 out of 5 stars","4 out of 5 stars","+55"
"192","Ka'imi Fairbairn",HOU,"K4","2 out of 5 stars","4 out of 5 stars","-25"
"193","DeAndre Hopkins",BAL,"WR75","3 out of 5 stars","3 out of 5 stars","+41"
"194","Detroit Lions",DET,"DST9","2 out of 5 stars","3 out of 5 stars","-30"
"195","Chase McLaughlin",TB,"K5","4 out of 5 stars","4 out of 5 stars","-51"
"196","Alec Pierce",IND,"WR76","2 out of 5 stars","3 out of 5 stars","+51"
"197","Kansas City Chiefs",KC,"DST10","2 out of 5 stars","5 out of 5 stars","-24"
"198","Los Angeles Chargers",LAC,"DST11","2 out of 5 stars","1 out of 5 stars","+1"
"199","Oronde Gadsden II",LAC,"TE32","3 out of 5 stars","3 out of 5 stars","+191"
"200","Tyrone Tracy Jr.",NYG,"RB49","3 out of 5 stars","3 out of 5 stars","-125"
"201","New England Patriots",NE,"DST12","5 out of 5 stars","3 out of 5 stars","+13"
"202","Kendrick Bourne",SF,"WR77","3 out of 5 stars","4 out of 5 stars","+488"
"203","Kendre Miller",NO,"RB50","3 out of 5 stars","4 out of 5 stars","+25"
"204","Los Angeles Rams",LAR,"DST13","1 out of 5 stars","1 out of 5 stars","-2"
"205","Wil Lutz",DEN,"K6","2 out of 5 stars","1 out of 5 stars","-20"
"206","AJ Barner",SEA,"TE33","2 out of 5 stars","4 out of 5 stars","+198"
"207","Chris Boswell",PIT,"K7","2 out of 5 stars","3 out of 5 stars","-52"
"208","Dont'e Thornton Jr.",LV,"WR78","2 out of 5 stars","2 out of 5 stars","+10"
"209","Dyami Brown",JAC,"WR79","3 out of 5 stars","2 out of 5 stars","+67"
"210","Aaron Rodgers",PIT,"QB28","4 out of 5 stars","3 out of 5 stars","+1"
"211","Calvin Austin III",PIT,"WR80","4 out of 5 stars","4 out of 5 stars","+53"
"212","Michael Wilson",ARI,"WR81","3 out of 5 stars","3 out of 5 stars","+58"
"213","Kareem Hunt",KC,"RB51","4 out of 5 stars","4 out of 5 stars","-17"
"214","Ja'Tavion Sanders",CAR,"TE34","2 out of 5 stars","3 out of 5 stars","+28"
"215","Harrison Butker",KC,"K8","4 out of 5 stars","4 out of 5 stars","-46"
"216","Cole Kmet",CHI,"TE35","3 out of 5 stars","3 out of 5 stars","+41"
"217","Matt Gay",WAS,"K9","4 out of 5 stars","5 out of 5 stars","-11"
"218","Tyquan Thornton",KC,"WR82","3 out of 5 stars","2 out of 5 stars","+179"
"219","Jake Elliott",PHI,"K10","3 out of 5 stars","3 out of 5 stars","-57"
"220","Baltimore Ravens",BAL,"DST14","5 out of 5 stars","4 out of 5 stars","-103"
"221","Jaylin Noel",HOU,"WR83","3 out of 5 stars","2 out of 5 stars","+37"
"222","Tyler Loop",BAL,"K11","3 out of 5 stars","2 out of 5 stars","-38"
"223","Kyle Monangai",CHI,"RB52","3 out of 5 stars","2 out of 5 stars","+33"
"224","Adam Thielen",MIN,"WR84","4 out of 5 stars","5 out of 5 stars","-53"
"225","Ray Davis",BUF,"RB53","3 out of 5 stars","2 out of 5 stars","-53"
"226","Zonovan Knight",ARI,"RB54","2 out of 5 stars","3 out of 5 stars","+585"
"227","Xavier Legette",CAR,"WR85","4 out of 5 stars","4 out of 5 stars","-51"
"228","KaVontae Turpin",DAL,"WR86","2 out of 5 stars","3 out of 5 stars","+123"
"229","Mike Gesicki",CIN,"TE36","5 out of 5 stars","4 out of 5 stars","-3"
"230","Tre Harris",LAC,"WR87","2 out of 5 stars","4 out of 5 stars","-5"
"231","Isaiah Bond",CLE,"WR88","3 out of 5 stars","3 out of 5 stars","+298"
"232","Dylan Sampson",CLE,"RB55","4 out of 5 stars","3 out of 5 stars","-64"
"233","Kaleb Johnson",PIT,"RB56","3 out of 5 stars","3 out of 5 stars","-157"
"234","Brashard Smith",KC,"RB57","4 out of 5 stars","4 out of 5 stars","+33"
"235","Michael Carter",ARI,"RB58","2 out of 5 stars","3 out of 5 stars","+420"
"236","Jack Bech",LV,"WR89","2 out of 5 stars","2 out of 5 stars","+7"
"237","Jaydon Blue",DAL,"RB59","3 out of 5 stars","3 out of 5 stars","-98"
"238","Cam Ward",TEN,"QB29","3 out of 5 stars","4 out of 5 stars","-61"
"239","Jeremy McNichols",WAS,"RB60","5 out of 5 stars","4 out of 5 stars","+213"
"240","Taysom Hill",NO,"TE37","3 out of 5 stars","4 out of 5 stars","+51"
"241","Joe Flacco",CIN,"QB30","4 out of 5 stars","4 out of 5 stars","-2"
"242","Kyle Williams",NE,"WR90","2 out of 5 stars","3 out of 5 stars","-10"
"243","Adonai Mitchell",IND,"WR91","2 out of 5 stars","3 out of 5 stars","+63"
"244","DJ Giddens",IND,"RB61","3 out of 5 stars","3 out of 5 stars","+8"
"245","Arizona Cardinals",ARI,"DST15","1 out of 5 stars","4 out of 5 stars","-57"
"246","Jalen Royals",KC,"WR92","3 out of 5 stars","2 out of 5 stars","+49"
"247","San Francisco 49ers",SF,"DST16","5 out of 5 stars","2 out of 5 stars","-86"
"248","Cam Little",JAC,"K12","3 out of 5 stars","4 out of 5 stars","-70"
"249","Chris Rodriguez Jr.",WAS,"RB62","5 out of 5 stars","4 out of 5 stars","+45"
"250","Olamide Zaccheaus",CHI,"WR93","3 out of 5 stars","3 out of 5 stars","+92"
"251","Tyler Higbee",LAR,"TE38","3 out of 5 stars","2 out of 5 stars","+60"
"252","Jerome Ford",CLE,"RB63","4 out of 5 stars","3 out of 5 stars","-96"
"253","Andrei Iosivas",CIN,"WR94","3 out of 5 stars","3 out of 5 stars","+40"
"254","Tyler Bass",BUF,"K13","3 out of 5 stars","3 out of 5 stars","-91"
"255","Spencer Rattler",NO,"QB31","4 out of 5 stars","2 out of 5 stars","+136"
"256","Jaylin Lane",WAS,"WR95","4 out of 5 stars","3 out of 5 stars","+243"
"257","Brandon McManus",GB,"K14","3 out of 5 stars","4 out of 5 stars","-38"
"258","Will Reichard",MIN,"K15","3 out of 5 stars","3 out of 5 stars","-37"
"259","Tutu Atwell",LAR,"WR96","4 out of 5 stars","4 out of 5 stars","+61"
"260","Tank Bigsby",PHI,"RB64","3 out of 5 stars","3 out of 5 stars","-129"
"261","Cleveland Browns",CLE,"DST17","4 out of 5 stars","0 out of 5 stars","-16"
"262","Hassan Haskins",LAC,"RB65","4 out of 5 stars","4 out of 5 stars","+356"
"263","Michael Mayer",LV,"TE39","3 out of 5 stars","1 out of 5 stars","+72"
"264","Hunter Renfrow",CAR,"WR97","4 out of 5 stars","4 out of 5 stars","+79"
"265","Isaiah Davis",NYJ,"RB66","3 out of 5 stars","3 out of 5 stars","+412"
"266","Tampa Bay Buccaneers",TB,"DST18","3 out of 5 stars","4 out of 5 stars","-58"
"267","Braelon Allen",NYJ,"RB67","3 out of 5 stars","3 out of 5 stars","-132"
"268","Tyler Lockett",TEN,"WR98","4 out of 5 stars","4 out of 5 stars","+16"
"269","JuJu Smith-Schuster",KC,"WR99","3 out of 5 stars","2 out of 5 stars","+47"
"270","Noah Fant",CIN,"TE40","5 out of 5 stars","4 out of 5 stars","+53"
"271","Jacksonville Jaguars",JAC,"DST19","4 out of 5 stars","3 out of 5 stars","+41"
"272","Roman Wilson",PIT,"WR100","4 out of 5 stars","4 out of 5 stars","+10"
"273","Indianapolis Colts",IND,"DST20","2 out of 5 stars","2 out of 5 stars","-11"
"274","Will Shipley",PHI,"RB68","3 out of 5 stars","3 out of 5 stars","-73"
"275","Pat Bryant",DEN,"WR101","3 out of 5 stars","2 out of 5 stars","-1"
"276","Joe Mixon",HOU,"RB69","3 out of 5 stars","2 out of 5 stars","-161"
"277","Jalen Nailor",MIN,"WR102","4 out of 5 stars","5 out of 5 stars","+103"
"278","Jordan Whittington",LAR,"WR103","4 out of 5 stars","4 out of 5 stars","+94"
"279","Emari Demercado",ARI,"RB70","2 out of 5 stars","3 out of 5 stars","+383"
"280","Jalen Tolbert",DAL,"WR104","2 out of 5 stars","3 out of 5 stars","+72"
"281","Keaton Mitchell",BAL,"RB71","3 out of 5 stars","2 out of 5 stars","-30"
"282","Justice Hill",BAL,"RB72","3 out of 5 stars","2 out of 5 stars","-44"
"283","Sterling Shepard",TB,"WR105","5 out of 5 stars","3 out of 5 stars","+167"
"284","Tahj Brooks",CIN,"RB73","4 out of 5 stars","4 out of 5 stars","-51"
"285","Christian Watson",GB,"WR106","2 out of 5 stars","2 out of 5 stars","+51"
"286","Evan McPherson",CIN,"K16","5 out of 5 stars","5 out of 5 stars","-92"
"287","Dameon Pierce",HOU,"RB74","3 out of 5 stars","2 out of 5 stars","+9"
"288","Sean Tucker",TB,"RB75","3 out of 5 stars","3 out of 5 stars","+17"
"289","Tyler Conklin",LAC,"TE41","3 out of 5 stars","3 out of 5 stars","-9"
"290","Austin Hooper",NE,"TE42","3 out of 5 stars","4 out of 5 stars","+64"
"291","Dillon Gabriel",CLE,"QB32","4 out of 5 stars","4 out of 5 stars","+322"
"292","Parker Washington",JAC,"WR107","3 out of 5 stars","2 out of 5 stars","+123"
"293","Daniel Carlson",LV,"K17","4 out of 5 stars","3 out of 5 stars","-76"
"294","Devaughn Vele",NO,"WR108","3 out of 5 stars","3 out of 5 stars","+91"
"295","Devin Singletary",NYG,"RB76","3 out of 5 stars","3 out of 5 stars","-5"
"296","Washington Commanders",WAS,"DST21","1 out of 5 stars","3 out of 5 stars","-98"
"297","Chris Brooks",GB,"RB77","4 out of 5 stars","4 out of 5 stars","+209"
"298","Savion Williams",GB,"WR109","2 out of 5 stars","2 out of 5 stars","+114"
"299","Jarquez Hunter",LAR,"RB78","2 out of 5 stars","2 out of 5 stars","-18"
"300","LeQuint Allen Jr.",JAC,"RB79","3 out of 5 stars","3 out of 5 stars","+518"
"301","Isaac Guerendo",SF,"RB80","3 out of 5 stars","3 out of 5 stars","-92"
"302","Younghoe Koo",NYG,"K18","2 out of 5 stars","3 out of 5 stars","-105"
"303","MarShawn Lloyd",GB,"RB81","4 out of 5 stars","4 out of 5 stars","-3"
"304","Roschon Johnson",CHI,"RB82","3 out of 5 stars","2 out of 5 stars","-80"
"305","Miles Sanders",DAL,"RB83","3 out of 5 stars","3 out of 5 stars","-51"
"306","KeAndre Lambert-Smith",LAC,"WR110","2 out of 5 stars","4 out of 5 stars","+23"
"307","Trevor Etienne",CAR,"RB84","2 out of 5 stars","3 out of 5 stars","-39"
"308","Ty Johnson",BUF,"RB85","3 out of 5 stars","2 out of 5 stars","+5"
"309","Jaylen Wright",MIA,"RB86","3 out of 5 stars","2 out of 5 stars","-73"
"310","Jason Myers",SEA,"K19","3 out of 5 stars","2 out of 5 stars","+21"
"311","Brandin Cooks",NO,"WR111","3 out of 5 stars","3 out of 5 stars","+63"
"312","Ray-Ray McCloud III",ATL,"WR112","4 out of 5 stars","3 out of 5 stars","-5"
"313","Joshua Karty",LAR,"K20","1 out of 5 stars","2 out of 5 stars","-28"
"314","Terrance Ferguson",LAR,"TE43","3 out of 5 stars","2 out of 5 stars","-37"
"315","Noah Gray",KC,"TE44","4 out of 5 stars","4 out of 5 stars","-50"
"316","Nick Westbrook-Ikhine",MIA,"WR113","3 out of 5 stars","3 out of 5 stars","+49"
"317","Samaje Perine",CIN,"RB87","4 out of 5 stars","4 out of 5 stars","+103"
"318","New York Jets",NYJ,"DST22","5 out of 5 stars","3 out of 5 stars","-114"
"319","Eddy Pineiro",SF,"K21","2 out of 5 stars","1 out of 5 stars","+130"
"320","Jalen McMillan",TB,"WR114","5 out of 5 stars","3 out of 5 stars","-32"
"321","Raheem Mostert",LV,"RB88","4 out of 5 stars","4 out of 5 stars","-101"
"322","Emanuel Wilson",GB,"RB89","4 out of 5 stars","4 out of 5 stars","0"
"323","Jason Sanders",MIA,"K22","4 out of 5 stars","3 out of 5 stars","-116"
"324","Russell Wilson",NYG,"QB33","3 out of 5 stars","3 out of 5 stars","-74"
"325","Chad Ryland",ARI,"K23","2 out of 5 stars","2 out of 5 stars","+14"
"326","Tyler Badie",DEN,"RB90","4 out of 5 stars","3 out of 5 stars","+196"
"327","Devin Neal",NO,"RB91","3 out of 5 stars","4 out of 5 stars","+22"
"328","Gunnar Helm",TEN,"TE45","4 out of 5 stars","3 out of 5 stars","+118"
"329","Ben Sinnott",WAS,"TE46","3 out of 5 stars","2 out of 5 stars","+35"
"330","Darnell Washington",PIT,"TE47","4 out of 5 stars","3 out of 5 stars","+18"
"331","Joe Burrow",CIN,"QB34","4 out of 5 stars","4 out of 5 stars","-299"
"332","Dawson Knox",BUF,"TE48","4 out of 5 stars","3 out of 5 stars","-22"
"333","Mack Hollins",NE,"WR115","2 out of 5 stars","3 out of 5 stars","+63"
"334","Cade Stover",HOU,"TE49","4 out of 5 stars","4 out of 5 stars","+144"
"335","Josh Reynolds",NYJ,"WR116","4 out of 5 stars","4 out of 5 stars","+140"
"336","Chimere Dike",TEN,"WR117","4 out of 5 stars","4 out of 5 stars","+381"
"337","Elijah Moore",BUF,"WR118","3 out of 5 stars","3 out of 5 stars","-23"
"338","Xavier Hutchinson",HOU,"WR119","3 out of 5 stars","2 out of 5 stars","+330"
"339","Luke Musgrave",GB,"TE50","3 out of 5 stars","4 out of 5 stars","-2"
"340","Mac Jones",SF,"QB35","2 out of 5 stars","4 out of 5 stars","+55"
"341","Jahan Dotson",PHI,"WR120","3 out of 5 stars","3 out of 5 stars","-9"
"342","Dallas Cowboys",DAL,"DST23","3 out of 5 stars","4 out of 5 stars","-142"
"343","Chicago Bears",CHI,"DST24","4 out of 5 stars","4 out of 5 stars","-130"
"344","New York Giants",NYG,"DST25","2 out of 5 stars","5 out of 5 stars","-141"
"345","Noah Brown",WAS,"WR121","4 out of 5 stars","3 out of 5 stars","+124"
"346","Zamir White",LV,"RB92","4 out of 5 stars","4 out of 5 stars","-22"
"347","Anthony Richardson Sr.",IND,"QB36","1 out of 5 stars","3 out of 5 stars","-98"
"348","Jake Browning",CIN,"QB37","4 out of 5 stars","4 out of 5 stars","+70"
"349","Tommy Tremble",CAR,"TE51","2 out of 5 stars","3 out of 5 stars","+174"
"350","Luke McCaffrey",WAS,"WR122","4 out of 5 stars","3 out of 5 stars","-53"
"351","Jake Tonges",SF,"TE52","2 out of 5 stars","4 out of 5 stars","+454"
"352","Hunter Long",JAC,"TE53","4 out of 5 stars","4 out of 5 stars","+443"
"353","Jacoby Brissett",ARI,"QB38","3 out of 5 stars","2 out of 5 stars","+327"
"354","A.J. Dillon",PHI,"RB93","3 out of 5 stars","3 out of 5 stars","-33"
"355","Ryan Flournoy",DAL,"WR123","2 out of 5 stars","3 out of 5 stars","+507"
"356","Foster Moreau",NO,"TE54","3 out of 5 stars","4 out of 5 stars","+329"
"357","Matt Prater",BUF,"K24","3 out of 5 stars","3 out of 5 stars","+128"
"358","Miami Dolphins",MIA,"DST26","3 out of 5 stars","2 out of 5 stars","-131"
"359","Matthew Wright",TEN,"K25","0 out of 5 stars","2 out of 5 stars","+57"
"360","Jaleel McLaughlin",DEN,"RB94","4 out of 5 stars","3 out of 5 stars","-58"
"361","Michael Badgley",IND,"K26","1 out of 5 stars","0 out of 5 stars","+156"
"362","Jordan James",SF,"RB95","3 out of 5 stars","3 out of 5 stars","-58"
"363","Atlanta Falcons",ATL,"DST27","3 out of 5 stars","2 out of 5 stars","-85"
"364","Damien Martinez",FA,"RB96","-","-","-19"
"365","Tyler Shough",NO,"QB39","4 out of 5 stars","2 out of 5 stars","-46"
"366","Elijah Mitchell",KC,"RB97","4 out of 5 stars","4 out of 5 stars","-103"
"367","George Holani",SEA,"RB98","2 out of 5 stars","2 out of 5 stars","+146"
"368","Julius Chestnut",TEN,"RB99","2 out of 5 stars","3 out of 5 stars","+271"
"369","Jake Moody",CHI,"K27","2 out of 5 stars","1 out of 5 stars","-146"
"370","Will Dissly",LAC,"TE55","3 out of 5 stars","3 out of 5 stars","-26"
"371","Kalel Mullings",TEN,"RB100","2 out of 5 stars","3 out of 5 stars","+244"
"372","Tyrod Taylor",NYJ,"QB40","4 out of 5 stars","4 out of 5 stars","+259"
"373","Mitchell Evans",CAR,"TE56","2 out of 5 stars","3 out of 5 stars","+66"
"374","Demarcus Robinson",SF,"WR124","3 out of 5 stars","4 out of 5 stars","+24"
"375","Jeremy Ruckert",NYJ,"TE57","4 out of 5 stars","3 out of 5 stars","+290"
"376","Shedeur Sanders",CLE,"QB41","4 out of 5 stars","4 out of 5 stars","-128"
"377","Tim Patrick",JAC,"WR125","3 out of 5 stars","2 out of 5 stars","+57"
"378","Kirk Cousins",ATL,"QB42","5 out of 5 stars","4 out of 5 stars","-77"
"379","Jamari Thrash",CLE,"WR126","3 out of 5 stars","3 out of 5 stars","+255"
"380","Jared Wiley",KC,"TE58","4 out of 5 stars","4 out of 5 stars","+225"
"381","Tyler Johnson",NYJ,"WR127","4 out of 5 stars","4 out of 5 stars","+329"
"382","Carson Wentz",MIN,"QB43","4 out of 5 stars","4 out of 5 stars","-11"
"383","Drew Sample",CIN,"TE59","5 out of 5 stars","4 out of 5 stars","+110"
"384","Raheim Sanders",CLE,"RB101","4 out of 5 stars","3 out of 5 stars","+150"
"385","Josh Oliver",MIN,"TE60","3 out of 5 stars","3 out of 5 stars","-19"
"386","Colby Parkinson",LAR,"TE61","3 out of 5 stars","2 out of 5 stars","+194"
"387","Adam Trautman",DEN,"TE62","3 out of 5 stars","3 out of 5 stars","+18"
"388","Cairo Santos",CHI,"K28","2 out of 5 stars","1 out of 5 stars","-101"
"389","Dare Ogunbowale",HOU,"RB102","3 out of 5 stars","2 out of 5 stars","+302"
"390","Malik Willis",GB,"QB44","3 out of 5 stars","4 out of 5 stars","-3"
"391","Phil Mafah",DAL,"RB103","3 out of 5 stars","3 out of 5 stars","+216"
"392","Marcus Mariota",WAS,"QB45","3 out of 5 stars","3 out of 5 stars","+116"
"393","Kenny Pickett",LV,"QB46","1 out of 5 stars","1 out of 5 stars","-15"
"394","Zack Moss",FA,"RB104","-","-","-119"
"395","Curtis Samuel",BUF,"WR128","3 out of 5 stars","3 out of 5 stars","+4"
"396","Zach Wilson",MIA,"QB47","4 out of 5 stars","5 out of 5 stars","+120"
"397","Jameis Winston",NYG,"QB48","3 out of 5 stars","3 out of 5 stars","-82"
"398","Zavier Scott",MIN,"RB105","3 out of 5 stars","4 out of 5 stars","+443"
"399","Jalen Milroe",SEA,"QB49","3 out of 5 stars","4 out of 5 stars","-120"
"400","Grant Calcaterra",PHI,"TE63","3 out of 5 stars","3 out of 5 stars","-47"
"401","John Bates",WAS,"TE64","3 out of 5 stars","2 out of 5 stars","+71"
"402","Elijah Higgins",ARI,"TE65","2 out of 5 stars","2 out of 5 stars","-32"
"403","Zay Jones",ARI,"WR129","3 out of 5 stars","3 out of 5 stars","+174"
"404","Luke Schoonmaker",DAL,"TE66","3 out of 5 stars","3 out of 5 stars","-15"
"405","Greg Dulcich",MIA,"TE67","3 out of 5 stars","4 out of 5 stars","+402"
"406","Jimmy Garoppolo",LAR,"QB50","3 out of 5 stars","2 out of 5 stars","-44"
"407","Tyler Goodson",IND,"RB106","3 out of 5 stars","3 out of 5 stars","+254"